id,Outcome_M1,Outcome_M2,Outcome_M3,Outcome_M4,Outcome_M5,Outcome_M6,Outcome_M7,Outcome_M8,Outcome_M9,Outcome_M10,Outcome_M11,Outcome_M12
1,28662.0618280729,14765.444333551,6387.8021781557,4407.1137470148,3475.8693220639,2199.1483643828,1853.6830456861,1586.9344691821,1476.7238772466,1312.6989591907,1163.2266318355,1014.3988923014
2,5608.0945901322,2158.2403182334,1154.4240919776,419.2957389265,429.1603108208,901.8959321692,851.1327459442,642.9528526811,605.1398202395,634.969324795,563.4815703109,577.8762451244
3,24479.4534481562,12699.9403311818,5749.0781883552,3920.4080309781,3104.0241957655,2040.8211356526,1731.3236600499,1471.7232815971,1370.3486761488,1229.9833271536,1090.0288708,961.1221211124
4,23341.6135499315,12138.0390843132,5575.3192385483,3788.0042455652,3002.8671707152,1997.7496784515,1698.0369216673,1440.3811443352,1341.4102872305,1207.4813050206,1070.1160973817,946.6286686059
5,5608.0945901322,2158.2403182334,1154.4240919776,419.2957389265,429.1603108208,901.8959321692,851.1327459442,642.9528526811,605.1398202395,634.969324795,563.4815703109,577.8762451244
6,5607.8942544497,2158.1413861517,1154.4546851373,419.3190508202,429.1781212014,901.9035156173,851.1386066294,642.9583709869,605.1449153253,634.9732866511,563.4850762866,577.8787969384
7,8558.0421931169,4837.4450450932,3317.7276060483,2067.7263641008,1688.5679442537,1438.13671184,1265.5535179103,1033.1632893374,965.4235265345,915.1200946296,811.3961252652,758.3201116021
8,5457.7760496719,2084.008279575,1177.3791595294,436.78742981,442.5240330691,907.586046035,855.530213407,647.0934214338,608.962832943,637.9420375024,566.1122207578,579.7909561751
9,29819.4678446249,15337.0079470687,6564.5490599008,4541.7943273761,3578.76582762,2242.9604716784,1887.5421776567,1618.8155609728,1506.1598862102,1335.5879226046,1183.4818222156,1029.1415719682
10,4916.2065989166,3038.9917086752,2761.5847522028,1643.9472197099,1364.7989720053,1300.2797372571,1159.0140751946,932.8478484245,872.8016603425,843.0988328744,747.6621613506,711.9315368094
11,307754.97667062,152590.332603786,49007.938681783,36883.526698189,28287.9795513936,12763.849563142,10018.3579312256,9274.631533998,8574.8220601652,6832.0650464194,6047.4937282764,4569.398073183
12,19345.4509118918,10164.6078726745,4965.0672827792,3322.9941319038,2647.5975719678,1846.4801120551,1581.1318803919,1330.3056599743,1239.7769126401,1128.4528404109,1000.181231081,895.7267855792
13,39242.6573439134,19990.4762754258,8003.559516278,5638.3158699194,4416.5127001987,2599.6631183774,2163.2112274781,1878.380108843,1745.8174364562,1521.9417488393,1348.3924020519,1149.1712437001
14,1842.5230003789,1521.1097560448,2292.2040994817,1286.2806057664,1091.5402391563,1183.9294213904,1069.0955357102,848.1823226372,794.6294574474,782.3133950706,693.8711445716,672.7799063165
15,5608.0945901322,2158.2403182334,1154.4240919776,419.2957389265,429.1603108208,901.8959321692,851.1327459442,642.9528526811,605.1398202395,634.969324795,563.4815703109,577.8762451244
16,5608.0945901322,2158.2403182334,1154.4240919776,419.2957389265,429.1603108208,901.8959321692,851.1327459442,642.9528526811,605.1398202395,634.969324795,563.4815703109,577.8762451244
17,5608.0945901322,2158.2403182334,1154.4240919776,419.2957389265,429.1603108208,901.8959321692,851.1327459442,642.9528526811,605.1398202395,634.969324795,563.4815703109,577.8762451244
18,5608.0945901322,2158.2403182334,1154.4240919776,419.2957389265,429.1603108208,901.8959321692,851.1327459442,642.9528526811,605.1398202395,634.969324795,563.4815703109,577.8762451244
19,10126.0028017391,5611.7534714372,3557.1700698941,2250.1807852226,1827.9638564657,1497.4898320397,1311.4231474204,1076.3532290585,1005.3010646412,946.1282218485,838.8362285496,778.292308612
20,5608.0945901322,2158.2403182334,1154.4240919776,419.2957389265,429.1603108208,901.8959321692,851.1327459442,642.9528526811,605.1398202395,634.969324795,563.4815703109,577.8762451244
21,5340.1169031557,3248.3319936169,2826.3198782886,1693.2751867151,1402.4857373682,1316.3263133656,1171.4152850809,944.5245834054,883.5828618715,851.4821204206,755.0808059694,717.3311750811
22,3211.5455985549,974.7488018521,1520.3998646563,698.1681522663,642.2199572205,992.6141935714,921.2421694476,708.9665050113,666.0906331685,682.3636889191,605.4223891639,608.4027445406
23,51761.0999168922,26172.4782438797,9915.2444889122,7095.0139402913,5529.4358899383,3073.5325655181,2529.4298172238,2223.204320087,2064.1957605006,1769.5075727199,1567.4714753862,1308.6272912245
24,16281.6505403591,8651.6065694095,4497.195892607,2966.4775713813,2375.217484562,1730.5039129598,1491.5024680441,1245.9123706044,1161.8560673106,1067.8628541756,946.5631757707,856.7010445734
25,70488.9469699707,35420.8800855702,12775.1644487992,9274.2641549567,7194.3918265702,3782.4509854768,3077.300344789,2739.0684182548,2540.4962685677,2139.8711269859,1895.2182660926,1547.1768114477
26,3656.3575923383,1194.4110006544,1452.4728522339,646.4079776883,602.674975481,975.776411048,908.2294947386,696.7140267966,654.7778443555,673.5670477178,597.6379544119,602.7368670158
27,4552.6594359893,1637.0331343166,1315.5990553967,542.1105654099,522.9913326484,941.848064399,882.0087891473,672.0251268418,631.9824305366,655.8417034447,581.9522190506,591.3200515019
28,34861.0488526809,17826.6997385377,7334.4463211002,5128.4536728374,4026.9759291647,2433.8029979012,2035.0302278751,1757.6874042066,1634.3811168083,1435.2906730581,1271.7120384702,1093.3596706759
29,128368.797131771,64003.7765240143,21613.9668100025,16009.4043732857,12340.0660658531,5973.417827947,4770.5363026471,4333.386047034,4012.5395825044,3284.5081461562,2908.1449032726,2284.4324312502
30,5608.0945901322,2158.2403182334,1154.4240919776,419.2957389265,429.1603108208,901.8959321692,851.1327459442,642.9528526811,605.1398202395,634.969324795,563.4815703109,577.8762451244
31,105286.453683163,52604.9869538298,18089.0739292274,13323.446837815,10287.9836963626,5099.6655808172,4095.2779215429,3697.5760549422,3425.4922897328,2828.0296873036,2504.1922243649,1990.4166834878
32,30417.87052835,15632.5180751976,6655.9308281513,4611.4269537676,3631.9654344911,2265.6122310527,1905.0480443535,1635.2987402676,1521.3789074612,1347.4219868299,1193.9541716845,1036.7638401712
33,59562.0378375921,30024.8275517439,11106.5217351444,8002.7635385284,6222.9602371606,3368.8269775915,2757.6409918454,2438.083467376,2262.5950043912,1923.7796087276,1703.9918325187,1407.993224372
34,1842.5230003789,1521.1097560448,2292.2040994817,1286.2806057664,1091.5402391563,1183.9294213904,1069.0955357102,848.1823226372,794.6294574474,782.3133950706,693.8711445716,672.7799063165
35,1418.0737899617,89.0758288401,1794.2800286897,906.863995029,801.6644212016,1060.5037484778,973.7089769329,758.3682175791,711.7035395115,717.8315455085,636.8090524478,631.2474334288
36,117626.597498687,58698.9393695436,19973.530989661,14759.3973228208,11385.0556473625,5566.7857591789,4456.2805014593,4037.4889740628,3739.3359874252,3072.0694592389,2720.1509793105,2147.6016166162
37,5608.0945901322,2158.2403182334,1154.4240919776,419.2957389265,429.1603108208,901.8959321692,851.1327459442,642.9528526811,605.1398202395,634.969324795,563.4815703109,577.8762451244
38,12422.9181805368,6746.0427658379,3907.9308444442,2517.4594167773,2032.1658069105,1584.4365919369,1378.617856817,1139.6224439925,1063.7179215713,991.5522228631,879.0334088123,807.5497059013
39,9375.1446636067,5240.9560291113,3442.5069070541,2162.8078077484,1761.2105499533,1469.0670686868,1289.4572992853,1055.670619083,986.204683105,931.2791851173,825.6958315594,768.7281100098
40,5608.0945901322,2158.2403182334,1154.4240919776,419.2957389265,429.1603108208,901.8959321692,851.1327459442,642.9528526811,605.1398202395,634.969324795,563.4815703109,577.8762451244
41,16829.0344035992,8921.9219940578,4580.7866028346,3030.1734355182,2423.881381172,1751.2244208932,1507.5158135763,1260.9902213665,1175.7775400475,1078.6879657094,956.1426700902,863.6734508294
42,5608.0945901322,2158.2403182334,1154.4240919776,419.2957389265,429.1603108208,901.8959321692,851.1327459442,642.9528526811,605.1398202395,634.969324795,563.4815703109,577.8762451244
43,46690.8041276733,23668.6061873627,9140.9622081449,6505.013223404,5078.6729671734,2881.6030784058,2381.1017354599,2083.5415196948,1935.2442342728,1669.2369562228,1478.7387359454,1244.0434325204
44,1858.6166335424,1529.0572999438,2294.6617499837,1288.1533278912,1092.9710063983,1184.5386250518,1069.566344088,848.625626533,795.0387626725,782.6316641788,694.1527912876,672.9849020354
45,3906.8439740649,1318.1090801781,1414.2212047942,617.2603399699,580.4060629295,966.294573149,900.901684675,689.8143051657,648.4072887577,668.6134069513,593.2543161061,599.5462490011
46,1221.1438140321,8.1744075009,1824.3531047494,929.7795865064,819.1720253376,1067.9582779271,979.4700304859,763.7927121378,716.7120088418,721.7260500727,640.2554265784,633.7558665201
47,5608.0945901322,2158.2403182334,1154.4240919776,419.2957389265,429.1603108208,901.8959321692,851.1327459442,642.9528526811,605.1398202395,634.969324795,563.4815703109,577.8762451244
48,24589.8384092317,12754.4519082153,5765.9350193917,3933.2528843901,3113.8377154796,2044.9996155372,1734.5528975959,1474.7638680689,1373.1560684184,1232.1663098748,1091.9606634205,962.5281705867
49,39188.3663739471,19963.6656812769,7995.2687699787,5631.9983467349,4411.6860870544,2597.6080039514,2161.6229817885,1876.884647983,1744.4366682075,1520.8680858313,1347.4422826324,1148.4797021256
50,1398.8415644386,79.578348994,1797.2169720282,909.1019368213,803.3742177399,1061.2317594922,974.2716027122,758.8979749317,712.1926677472,718.2118836958,637.1456261168,631.4924075659
51,34179.5736392656,17490.1657738511,7230.3785892626,5049.1543812042,3966.3909511356,2408.0066353954,2015.0941303814,1738.9159674581,1617.0493333168,1421.8137591625,1259.7858777369,1084.6792502975
52,3422.7661865052,1079.0561933566,1488.1444765326,673.5896457072,623.4418792679,984.6187114934,915.0630536835,703.1483713087,660.7187143852,678.1865719517,601.7259220988,605.7122820559
53,102367.228895858,51163.3816362137,17643.2806026934,12983.7536938908,10028.4567669611,4989.1621034097,4009.8779703488,3617.1651428932,3351.2483979808,2770.298840567,2453.1043148643,1953.2325015334
54,34305.2508907744,17552.2291664567,7249.570698162,5063.7787091663,3977.5639965693,2412.763985149,2018.7707335644,1742.3777846027,1620.2456504683,1424.2991635673,1261.9852931705,1086.280088235
55,23160.3765358003,12048.5385277077,5547.642626671,3766.9147524253,2986.7547130601,1990.8891857675,1692.7349551217,1435.3889170608,1336.8009329536,1203.8971458523,1066.9443580157,944.3201276057
56,3888.6181046457,2531.5360841189,2604.6622379925,1524.3727464466,1273.443593082,1261.3817043085,1128.9526672345,904.542618764,846.66726697,822.7771522251,729.6788432356,698.842432568
57,5545.2606420691,3349.6384453089,2857.6472738991,1717.1465658329,1420.7235671091,1324.0917641856,1177.4166267272,950.1753285001,888.8002297192,855.5390610857,758.6709251044,719.9442325434
58,5608.0945901322,2158.2403182334,1154.4240919776,419.2957389265,429.1603108208,901.8959321692,851.1327459442,642.9528526811,605.1398202395,634.969324795,563.4815703109,577.8762451244
59,26455.69817778,13675.8723400925,6050.8695118242,4150.3720913988,3279.7176636531,2115.6293230116,1789.1373660006,1526.1595284501,1420.609999093,1269.0657171416,1124.6141525972,986.2949149076
60,49429.9939149422,25021.3045408637,9559.2624817603,6823.7567455503,5322.1943012033,2985.2915638176,2461.2348842195,2158.9933143039,2004.9093422626,1723.4074149278,1526.6759419344,1278.9343843582
61,507.8866833464,862.0242275562,2088.3924690549,1130.9767701386,972.8874835571,1133.4084903721,1030.051650898,811.4193696872,760.6859959227,755.9195096107,670.5143343398,655.7797219281
62,17201.2581017448,9105.737801913,4637.6286936982,3073.4869339566,2456.9730683385,1765.3144674005,1518.4049666806,1271.2432334621,1185.244209443,1086.0490943772,962.6567729738,868.4147211076
63,5164.8185032483,1939.3365987244,1222.1165568416,470.8771889864,468.568746309,918.6755749241,864.1004887333,655.1630238851,616.4135467281,643.735591766,571.2391259157,583.5225587425
64,8859.2135025243,4986.1729412947,3363.7193229114,2102.7719109176,1715.3428830985,1449.5371620999,1274.3640813298,1041.4591423247,973.083138837,921.076084994,816.6667754276,762.1563385405
65,10500.2966352709,5796.5915774703,3614.3282900753,2293.7351732289,1861.2395842318,1511.6582408437,1322.3728609385,1086.663263647,1014.8203832566,953.5302896961,845.3865598489,783.0599476342
66,3473.1839999426,1103.9541005921,1480.445197989,667.7228191336,618.9596001487,982.7102103967,913.5881145745,701.7595976933,659.4364511284,677.1895048286,600.8435848765,605.0700755506
67,3324.8020377467,1030.6784053904,1503.104531663,684.9891617117,632.1511553844,988.3270175979,917.928928747,705.8468228236,663.2102113359,680.1239195936,603.4403442248,606.9601190667
68,3324.8020377467,1030.6784053904,1503.104531663,684.9891617117,632.1511553844,988.3270175979,917.928928747,705.8468228236,663.2102113359,680.1239195936,603.4403442248,606.9601190667
69,5608.0945901322,2158.2403182334,1154.4240919776,419.2957389265,429.1603108208,901.8959321692,851.1327459442,642.9528526811,605.1398202395,634.969324795,563.4815703109,577.8762451244
70,5608.0945901322,2158.2403182334,1154.4240919776,419.2957389265,429.1603108208,901.8959321692,851.1327459442,642.9528526811,605.1398202395,634.969324795,563.4815703109,577.8762451244
71,2533.5428703036,639.9296599155,1623.9373150577,777.0633710759,702.4962219858,1018.2791096441,941.0766817311,727.6422911267,683.3341018396,695.771930642,617.2877796513,617.0389334777
72,7282.9723523574,4207.7753222392,3123.0123417949,1919.3539315242,1575.2108084881,1389.8705927135,1228.2522101647,998.0411126323,932.995003851,889.9042010555,789.0817584802,742.0786665549
73,3683.469688041,1207.7998090486,1448.3325779443,643.2531014116,600.2646373056,974.750117743,907.4363486747,695.9672160842,654.0883094121,673.0308765232,597.1634790314,602.3915215309
74,5540.2475723145,2124.7353198873,1164.7849754217,427.1907002493,435.1920930528,904.4641932477,853.1175646658,644.8217188974,606.8653559599,636.3110734004,564.6689274206,578.7404594414
75,5283.0165559426,1997.7065269454,1204.0665925739,457.1231717213,458.0606217513,914.2013405649,860.6426844644,651.9072234888,613.4074461127,641.3980966563,569.1706002422,582.016988525
76,37293.9253813574,19028.1309390728,7705.9696534182,5411.5533095627,4243.2651912476,2525.8963912195,2106.2023889617,1824.701709314,1696.255838627,1483.4034537583,1314.2886075867,1124.3488990177
77,9087.395844929,5098.8565823857,3398.5649318961,2129.3241578075,1735.6289066091,1458.1747094475,1281.0394017743,1047.7444925814,978.8864415504,925.5886391127,820.6600817701,765.0628546045
78,35993.6800231596,18386.0287512813,7507.409848753,5260.2513490149,4127.6698843192,2476.6772854526,2068.1645884424,1788.8860655188,1663.187033496,1457.689686932,1291.5336565198,1107.7867760203
79,4028.0470619972,1377.962989625,1395.7123431298,603.1566442997,569.6307826627,961.7065870688,897.3559701282,686.475730183,645.3247618555,666.2164839998,591.1332007968,598.0024015747
80,7520.169800476,4324.9109070081,3159.2346429695,1946.9552136291,1596.298299126,1398.8493952241,1235.1912614432,1004.574786648,939.0275854249,894.5950386996,793.2328337301,745.1000142457
81,62164.932582178,31310.2191123077,11504.0084623923,8305.647202348,6454.3645755848,3467.3561905021,2833.7869211063,2509.7809746354,2328.7937556827,1975.2546846534,1749.543806361,1441.1480921341
82,3397.4617896365,2288.9875970763,2529.658007942,1467.2197537997,1229.7784766289,1242.7896174658,1114.5842206822,891.0135724842,834.1758149779,813.0640016418,721.0833594343,692.5862354211
83,10126.0028017391,5611.7534714372,3557.1700698941,2250.1807852226,1827.9638564657,1497.4898320397,1311.4231474204,1076.3532290585,1005.3010646412,946.1282218485,838.8362285496,778.292308612
84,5607.9610330105,2158.1743635122,1154.4444874174,419.311280189,429.1721844079,901.9009878012,851.1366530677,642.9565315517,605.1432169633,634.9719660324,563.483907628,577.8779463337
85,55008.4745521857,27776.1343113704,10411.149411159,7472.8919660465,5818.1362227729,3196.4577308584,2624.4295707778,2312.6542169652,2146.7854027746,1833.7279397782,1624.3021731126,1349.991344393
86,25293.4841048472,13101.9343566134,5873.3883942445,4015.1320255894,3176.3937089624,2071.6352129624,1755.1375775852,1494.1459973212,1391.0517080704,1246.0816691808,1104.2748187999,971.4909917065
87,127637.505111966,63642.6414483375,21502.2915791007,15924.3081907599,12275.0522398466,5945.7357146886,4749.1428481001,4313.2423915874,3993.9408210135,3270.0460507058,2895.3469232442,2275.1174598083
88,5608.0945901322,2158.2403182334,1154.4240919776,419.2957389265,429.1603108208,901.8959321692,851.1327459442,642.9528526811,605.1398202395,634.969324795,563.4815703109,577.8762451244
89,5608.0945901322,2158.2403182334,1154.4240919776,419.2957389265,429.1603108208,901.8959321692,851.1327459442,642.9528526811,605.1398202395,634.969324795,563.4815703109,577.8762451244
90,4214.2924681917,1469.9368482738,1367.2709022582,581.4843538181,553.0730654924,954.6565081831,891.9074864525,681.3455452646,640.5880304338,662.5332784285,587.8738120379,595.6300652263
91,895.86544416,168.8071308707,1874.0261985055,967.6303311948,848.0901466487,1080.2712697709,988.9858296913,772.7526012511,724.9847298008,728.1587837901,645.9479624855,637.8991617345
92,784.6170394848,998.6824097866,2130.6518204253,1163.1782659277,997.4895559679,1143.8837599678,1038.147210723,819.0419893722,767.7240077589,761.3921535288,675.3572554646,659.3046275673
93,44091.9828752988,22385.2262457941,8744.0975418125,6202.603568089,4847.6307731549,2783.2280622725,2305.0749734647,2011.9562179858,1869.1490830591,1617.842438038,1433.258050276,1210.9404516416
94,40583.1033957394,20652.4308342846,8208.2583483383,5794.2957504636,4535.6819568355,2650.4039693896,2202.4250721611,1915.30309266,1779.9086554689,1548.4505281266,1371.8508855794,1166.2454306925
95,2686.0651032718,715.249951473,1600.6457227484,759.315249362,688.9365855508,1012.5055778496,936.614746731,723.4410210107,679.4550431925,692.7556375173,614.6185634716,615.0961524738
96,10094.1494282164,5596.023270442,3552.3057574897,2246.4741941291,1825.1320059493,1496.2840637971,1310.4912984734,1075.4758184432,1004.4909460008,945.4982867257,838.2787784104,777.8865701975
97,30169.8549533745,15510.0401580153,6618.0564963487,4582.5668294045,3609.9161833005,2256.2239223465,1897.792516074,1628.467077741,1515.0711912547,1342.5172089555,1189.6137737459,1033.6046945283
98,5608.0945901322,2158.2403182334,1154.4240919776,419.2957389265,429.1603108208,901.8959321692,851.1327459442,642.9528526811,605.1398202395,634.969324795,563.4815703109,577.8762451244
99,50769.6386240381,25682.8633713955,9763.8389411815,6979.6433785198,5441.2923163177,3036.0020810376,2500.4252861617,2195.8942248979,2038.980180932,1749.9003467906,1550.120401559,1295.9983640948
100,65230.6027534144,32824.1437816688,11972.1653887223,8662.3813405447,6726.9108932095,3583.4031684461,2923.4710331827,2594.2257681925,2406.7621551462,2035.8816482125,1803.1945841114,1480.1976500698
101,5390.5347165931,3273.2299008524,2834.0191568322,1699.1420132886,1406.9680164875,1318.2348144623,1172.8902241899,945.9133570208,884.8651251284,852.4791875437,755.9631431917,717.9733815863
102,18785.3123435305,9887.993772156,4879.5288080459,3257.8140772032,2597.7997477925,1825.2767912615,1564.7454045686,1314.8764770791,1225.5310527747,1117.3754907043,990.3785229741,888.5919138364
103,576.1964733987,326.669755952,1922.8426837878,1004.8283428605,876.5095773029,1092.3719250688,998.3375297112,781.5579778033,733.1147883578,734.4805855361,651.5423310725,641.971006159
104,3995.7262385486,1362.0019471058,1400.6480395736,606.9176298118,572.5041907339,962.9300500235,898.3014940073,687.366016845,646.1467690294,666.8556634535,591.698831546,598.4140942217
105,4499.9043729224,1610.9810194609,1323.6552541377,548.2493640763,527.6813995414,943.8450390565,883.552102917,673.4782806911,633.324136461,656.8849922225,582.8754593229,591.9920291696
106,16215.1390937583,8618.7611182749,4487.0389635615,2958.738022683,2369.3044382007,1727.9862082017,1489.5567205573,1244.0802930932,1160.1644988288,1066.5475179444,945.3991918324,855.8538423493
107,5607.2264688412,2157.8116125459,1154.5566623366,419.3967571324,429.2374891368,901.9287937775,851.1581422467,642.9767653394,605.1618989446,634.9864928382,563.4967628723,577.8873029848
108,770.5888640162,230.6726593128,1893.1571210853,982.2080353696,859.2275713212,1085.0134526284,992.650711504,776.2033817842,728.1708567807,730.6362644827,648.1403659677,639.4948960442
109,5859.1866565978,3504.6650173806,2905.5867552678,1753.6763032134,1448.6324335191,1335.9750273056,1186.6003204379,958.8225136206,896.7842291502,861.7472896231,764.1647890541,723.9429249685
110,0.503178052,611.4622418935,2010.9101930626,1071.9355141044,927.7797262749,1114.202144236,1015.2084888444,797.4433406411,747.7818419817,745.8854486819,661.6348665053,649.3168278531
111,518.3041388381,867.1686958062,2089.9833133633,1132.1889886094,973.8136233486,1133.8028296716,1030.3564065285,811.7063215865,760.9509403837,756.1255261289,670.6966450772,655.9124162524
112,1681.0477625663,218.9406747917,1754.1214076239,876.2632492719,778.2853282591,1050.5492089827,966.0158508251,751.124521556,705.0153902327,712.6309490439,632.206874989,627.897752346
113,4913.1301074264,1815.0449267103,1260.55176324,500.1646980668,490.9445211441,928.2029135115,871.4634629081,662.0958553506,622.8146728407,648.7130036693,575.6438000758,586.7284876407
114,3884.4063776213,1307.0286870242,1417.6476386891,619.8712720609,582.4008255575,967.1439193324,901.5580814176,690.4323554104,648.977938366,669.0571348366,593.6469853865,599.8320521611
115,39479.9215705929,20107.6448375553,8039.7920151725,5665.9249226556,4437.6061276301,2608.644448704,2170.1522323183,1884.915622294,1751.8517163921,1526.633907102,1352.5446459603,1152.1934419955
116,5608.0945901322,2158.2403182334,1154.4240919776,419.2957389265,429.1603108208,901.8959321692,851.1327459442,642.9528526811,605.1398202395,634.969324795,563.4815703109,577.8762451244
117,5527.4928671932,2118.4366440172,1166.7327399274,428.674890813,436.3260206181,904.9470061079,853.4906949569,645.1730510305,607.1897430885,636.5633115733,564.892141208,578.9029249282
118,2496.2851110438,1843.958116092,2392.0397775503,1362.355085442,1149.6614478682,1208.6767402471,1088.2209050843,866.1903937561,811.2564207381,795.2422522032,705.3123119972,681.1073257683
119,4132.7605230922,2652.1013143878,2641.9451020394,1552.7821741988,1295.1485102476,1270.6233996854,1136.0948889334,911.267594046,852.8764781846,827.6053342146,733.951458977,701.9522431416
120,9654.7464978614,5379.0322378465,3485.2047603813,2195.3434406802,1786.0679044862,1479.6510343715,1297.6368622648,1063.3723344839,993.3157245041,936.8086156396,830.5890050028,772.2895916487
121,5608.0945901322,2158.2403182334,1154.4240919776,419.2957389265,429.1603108208,901.8959321692,851.1327459442,642.9528526811,605.1398202395,634.969324795,563.4815703109,577.8762451244
122,10513.1848975139,5802.9562080617,3616.2964500209,2295.234905055,1862.3853853842,1512.146109336,1322.7498983531,1087.0182746507,1015.148167109,953.7851691064,845.6121109534,783.2241143302
123,5608.0945901322,2158.2403182334,1154.4240919776,419.2957389265,429.1603108208,901.8959321692,851.1327459442,642.9528526811,605.1398202395,634.969324795,563.4815703109,577.8762451244
124,17647.00499538,9325.8616837634,4705.6984741995,3125.3558973718,2496.6011651875,1782.1876393483,1531.4449912539,1283.5214637704,1196.580775323,1094.8642242403,970.4575689458,874.0925070975
125,5608.0945901322,2158.2403182334,1154.4240919776,419.2957389265,429.1603108208,901.8959321692,851.1327459442,642.9528526811,605.1398202395,634.969324795,563.4815703109,577.8762451244
126,2362.3894188598,555.4086847571,1650.0740712262,796.9794989011,717.7122238171,1024.7579021089,946.0836604549,732.356763678,687.6870034652,699.1566763857,620.2830515729,619.2190331768
127,14460.3988504548,7752.2150143976,4219.0734770847,2754.5491460297,2213.3033144701,1661.5627865882,1438.2229788776,1195.7454529717,1115.536642405,1031.8456202045,914.6903505205,833.5025041539
128,5406.6904506261,2058.7805987337,1185.1804152722,442.7319626958,447.0656801237,909.5198252919,857.0246881334,648.5005894017,610.2620798191,638.9523108126,567.0062445658,580.4416687267
129,3989.253395838,2581.2329665082,2620.0302019199,1536.0830877001,1282.3903409399,1265.1911230539,1131.8966847674,907.314647689,849.2266983979,824.7673246152,731.4400117045,700.1242937645
130,51159.1579694424,25875.2203156402,9823.3222415057,7024.969470445,5475.9216330099,3050.7468318946,2511.8204117551,2206.6236507238,2048.8867260673,1757.6035157032,1556.9371870129,1300.9599409755
131,5597.3432418363,2152.9309631805,1156.0659248855,420.5468105534,430.11613458,902.3029105488,851.4472693833,643.2490017568,605.4132565101,635.1819444067,563.669724341,578.0131924719
132,51567.7759832482,26077.0087850098,9885.7220897285,7072.5179629,5512.2488726532,3066.2145381341,2523.7742560044,2217.8791550319,2059.2790027145,1765.6843815657,1564.0882088186,1306.164790784
133,5482.5508957451,2096.242880349,1173.5958054371,433.9045256262,440.3214826674,906.6482262908,854.8054420038,646.4109909552,608.3327406671,637.4520879625,565.6786484273,579.4753818527
134,2464.8945097557,606.0289332425,1634.4205711409,785.0515799734,708.5992457402,1020.8777045149,943.0849431935,729.533230566,685.0800179032,697.1295266719,618.489160664,617.9133550503
135,34936.9760763607,17864.1949975135,7346.0411286552,5137.2888805382,4033.7260634145,2436.6771247184,2037.2514275664,1759.7788420883,1636.3121543222,1436.7922165269,1273.0408032672,1094.3268081546
136,10300.5619597859,5697.956291985,3583.8269097788,2270.4932152402,1843.4826347673,1504.0975431215,1316.5297577926,1081.1615128077,1009.7405827252,949.5803191462,841.8911020583,780.515789148
137,18269.7818538132,9633.4085485029,4800.8024102227,3197.8248041598,2551.967701699,1805.7620515707,1549.6639079835,1300.6760369322,1212.4196986783,1107.1803142933,981.3564787937,882.025245995
138,4936.4358251611,1826.5540255516,1256.9927589861,497.4527477699,488.8725802002,927.3207057198,870.781669863,661.4538924476,622.2219445273,648.2521077409,575.2359382339,586.4316266204
139,18799.0019485036,9894.7541310743,4881.6193406306,3259.407056604,2599.0167904673,1825.794993546,1565.145884724,1315.2535613058,1225.8792169703,1117.646217539,990.6180979815,888.7662877882
140,4585.2520513726,2875.5559096564,2711.0448522531,1605.4359713675,1335.3762232437,1287.7518810514,1149.3322232417,923.7316073147,864.3845786195,836.553846567,741.8702894649,707.7159402003
141,2230.1010898274,490.0805334544,1670.2757543982,812.3731193544,729.4730118108,1029.7655056487,949.9536662496,736.0006849126,691.0514584477,701.7728220425,622.5981642052,620.904080974
142,29819.4678446249,15337.0079470687,6564.5490599008,4541.7943273761,3578.76582762,2242.9604716784,1887.5421776567,1618.8155609728,1506.1598862102,1335.5879226046,1183.4818222156,1029.1415719682
143,1449.3261564368,104.5092335901,1789.5074957647,903.2273396165,798.8860018271,1059.3207305795,972.7947100414,757.5073618811,710.9087061284,717.213495954,636.2621202359,630.8493504561
144,7277.6968460507,4205.1701107536,3122.2067219208,1918.7400516575,1574.7418017988,1389.6708952477,1228.0978787877,997.8957972473,932.8608332585,889.7998721778,788.989434453,742.0114687882
145,23004.4485962291,11971.5363907608,5523.8309506455,3748.770328519,2972.8923001548,1984.9867353558,1688.1733884732,1431.093835747,1332.835257848,1200.8135011736,1064.2155402487,942.333965765
146,74.5606020282,648.0341347732,2022.2194644597,1080.553144131,934.3636303057,1117.0054922045,1017.3749888073,799.4832743358,749.6653253616,747.3500148269,662.9309088623,650.2601484018
147,46287.7287344176,23469.5548389209,9079.4087706759,6458.1096933405,5042.8384813935,2866.3451808962,2369.3100368345,2072.4386885127,1924.9929216658,1661.2657017128,1471.6847128013,1238.9091828973
148,16607.1960244747,8812.3712022215,4546.9097772428,3004.3593985946,2404.1593530473,1742.8270160676,1501.0260814965,1254.8796174587,1170.1355817174,1074.3008703678,952.260386312,860.8477422064
149,33032.9857495704,16923.9444927469,7055.2837381454,4915.7326431011,3864.4562061322,2364.6040342954,1981.5514754117,1707.3328641782,1587.8884589858,1399.1387359789,1239.7200100456,1070.0743685828
150,50344.6598628255,25472.9954486845,9698.9406515769,6930.1910814151,5403.5105622582,3019.9150598727,2487.9928192877,2184.188058953,2028.1718056121,1741.495929345,1542.6830584031,1290.5851161488
151,30313.695973433,15581.0733926978,6640.0223850678,4599.3047690593,3622.7040365758,2261.6688380582,1902.0004880487,1632.4292212742,1518.7294628511,1345.3618216484,1192.1310643113,1035.4368969286
152,10413.684841856,5753.8199408022,3601.1018473322,2283.6566645323,1853.5395630164,1508.379663463,1319.8390913697,1084.2775161249,1012.6176078339,951.8174472343,843.8708096803,781.9567134126
153,5341.6481323638,2026.6606495318,1195.1129944795,450.3005575073,452.8481170272,911.9819180975,858.9274572621,650.2921993373,611.9162843385,640.2385934323,568.1445180155,581.2701576487
154,5608.0945901322,2158.2403182334,1154.4240919776,419.2957389265,429.1603108208,901.8959321692,851.1327459442,642.9528526811,605.1398202395,634.969324795,563.4815703109,577.8762451244
155,12358.4100907613,6714.1866355207,3898.0798469964,2509.9529870157,2026.4308643553,1581.9947216595,1376.7307161821,1137.8455495389,1062.0773039474,990.276505193,877.9044846312,806.7280218165
156,1133.0628922786,51.6715461018,1837.8038973308,940.0290490898,827.0026560109,1071.2924672603,982.0467784128,766.2189272354,718.9521482269,723.4679461461,641.7968872356,634.8778140438
157,23160.3765358003,12048.5385277077,5547.642626671,3766.9147524253,2986.7547130601,1990.8891857675,1692.7349551217,1435.3889170608,1336.8009329536,1203.8971458523,1066.9443580157,944.3201276057
158,5608.0945901322,2158.2403182334,1154.4240919776,419.2957389265,429.1603108208,901.8959321692,851.1327459442,642.9528526811,605.1398202395,634.969324795,563.4815703109,577.8762451244
159,76773.7444452634,38524.5113988981,13734.9126618477,10005.5893419012,7753.1272133641,4020.3538625837,3261.1578538059,2912.1850275783,2700.335903209,2264.1598358906,2005.2053989931,1627.230616788
160,5094.1667858751,1904.4465512341,1232.9057445226,479.0985168206,474.8498738695,921.3500042755,866.1673570477,657.1091463819,618.2104136496,645.1328063571,572.4755666855,584.4224984544
161,148554.954396565,73972.3379659816,24696.584577618,18358.3496326043,14134.6696997119,6737.538694197,5361.0687113556,4889.4197322389,4525.9289183899,3683.7113717258,3261.4128598871,2541.55745566
162,5606.8257974762,2157.6137483824,1154.6178486561,419.4433809197,429.273109898,901.9439606736,851.1698636171,642.9878019509,605.1720891161,634.9944165504,563.5037748237,577.8924066127
163,1659.8789587787,208.4868514888,1757.3540848403,878.7265393696,780.1672918098,1051.3505266617,966.6351298947,751.707622531,705.5537709644,713.0495851737,632.5773397565,628.1673940177
164,2445.1948343067,596.3006118724,1637.4288985189,787.3439161843,710.3505998331,1021.6234102414,943.6612439049,730.0758639653,685.5810346725,697.5191091901,618.8339149429,618.1642834199
165,5290.963204683,2001.630832854,1202.8530639028,456.1984666057,457.3541433206,913.9005304583,860.4102106181,651.6883306937,613.2053410431,641.2409430302,569.0315298721,581.9157665725
166,4615.9034108001,2890.6925181612,2715.7256056988,1609.002691099,1338.1012114764,1288.9121486056,1150.2289080776,924.5759080955,865.1641267452,837.1600105531,742.4067037497,708.1063677313
167,5168.6916597773,1941.2492856378,1221.525089086,470.4264923755,468.224412284,918.5289615948,863.9871821527,655.0563366405,616.3150417362,643.6589958811,571.1713437185,583.4732236732
168,100392.453294572,50188.1751292356,17341.7136290628,12753.960587357,9852.8939085312,4914.4095280032,3952.1072427563,3562.7693636157,3301.0244389991,2731.2455041906,2418.5447435557,1928.0784210404
169,5249.827611203,1981.3167787387,1209.1348593767,460.9851754392,461.0112081384,915.4576651279,861.6136046461,652.8214228091,614.2515319917,642.0544441532,569.7514235528,582.4397390324
170,8855.6074602387,4984.3921638236,3363.1686460354,2102.3522968316,1715.0222962476,1449.4006600347,1274.2585889962,1041.3598128211,972.9914272928,921.0047715839,816.6036678647,762.1104058898
171,2767.0674975758,755.2514898527,1588.275888479,749.8894736882,681.7352549923,1009.4393370147,934.2450763479,721.2097860498,677.3949301719,691.1537270268,613.200980623,614.0643690422
172,4302.1730542627,1513.3350547929,1353.8507028365,571.2582031283,545.2602451998,951.329902298,889.3365992108,678.9248484728,638.3529861345,660.7953442113,586.3358573564,594.5106695165
173,5292.8330043867,2002.5541989502,1202.5675277448,455.9808889314,457.1879131016,913.8297516097,860.3555108896,651.6368265067,613.1577869091,641.2039657065,568.998807432,581.8919496425
174,5406.6904506261,2058.7805987337,1185.1804152722,442.7319626958,447.0656801237,909.5198252919,857.0246881334,648.5005894017,610.2620798191,638.9523108126,567.0062445658,580.4416687267
175,5607.9610330105,2158.1743635122,1154.4444874174,419.311280189,429.1721844079,901.9009878012,851.1366530677,642.9565315517,605.1432169633,634.9719660324,563.483907628,577.8779463337
176,5608.0945901322,2158.2403182334,1154.4240919776,419.2957389265,429.1603108208,901.8959321692,851.1327459442,642.9528526811,605.1398202395,634.969324795,563.4815703109,577.8762451244
177,46414.8083357041,23532.3107560986,9098.8150316937,6472.8972045584,5054.1361994914,2871.1556147863,2373.027664814,2075.9391337975,1928.2249044178,1663.7788391105,1473.9086700649,1240.5278835323
178,30856.806008779,15849.2782662691,6722.9604412202,4662.503312798,3670.9879783995,2282.2275657662,1917.8888056299,1647.3893481802,1532.5422404244,1356.102413585,1201.6357644821,1042.3548644874
179,5608.0945901322,2158.2403182334,1154.4240919776,419.2957389265,429.1603108208,901.8959321692,851.1327459442,642.9528526811,605.1398202395,634.969324795,563.4815703109,577.8762451244
180,4779.711220551,2971.5859836561,2740.7406126756,1628.0640494896,1352.6641660188,1295.1128813079,1155.0209950106,929.0880427691,869.3302085584,840.3994882392,745.2734232282,710.1929009198
181,60556.3706085625,30515.860450733,11258.3657848319,8118.4682374425,6311.3590929032,3406.466158161,2786.729526062,2465.472658281,2287.8836135228,1943.4436212612,1721.3931586646,1420.6587275014
182,3883.0708064044,1306.3691398127,1417.8515930876,620.0266846854,582.5195614282,967.1944756529,901.5971526523,690.4691441154,649.0119056046,669.0835472107,593.6703585579,599.8490642539
183,4928.6227335423,1822.6956743641,1258.1858922174,498.361911623,489.5671850439,927.6164601944,871.0102365858,661.6691063721,622.420652873,648.4066201295,575.3726712869,586.5311473636
184,4927.9549479339,1822.3659007584,1258.2878694166,498.4396179353,489.6265529792,927.6417383546,871.0297722032,661.6875007246,622.4376364923,648.4198263165,575.3843578727,586.5396534101
185,5608.0945901322,2158.2403182334,1154.4240919776,419.2957389265,429.1603108208,901.8959321692,851.1327459442,642.9528526811,605.1398202395,634.969324795,563.4815703109,577.8762451244
186,25450.2801657094,13179.3651992478,5897.3326406291,4033.3774677016,3190.3333001836,2077.5705249824,1759.7245405362,1498.4649912933,1395.0394618811,1249.1824819027,1107.0188291283,973.4882114075
187,196739.826316441,97767.5482185209,32054.8717623482,23965.3418393114,18418.4343167269,8561.5146787581,6770.6846231357,6216.6863116716,5751.4023490271,4636.6196465276,4104.6724768403,3155.321442835
188,209447.652887974,104043.073981571,33995.4774686905,25444.0774198324,19548.194252933,9042.5530121376,7142.4435139586,6566.7271612907,6074.5972275038,4887.9307450586,4327.0658658865,3317.189805126
189,25069.3084760932,12991.2293571569,5839.1546484553,3989.046016573,3156.463893064,2063.1493345761,1748.5794708447,1487.9710131796,1385.3503070728,1241.6483521845,1100.3516319717,968.6355119211
190,308.8818943393,458.678130341,1963.6641566487,1035.9341796471,900.2745618252,1102.4907726054,1006.1576373316,788.9212371178,739.9133311619,739.7670222166,656.2204713385,645.3759765436
191,5471.2653189624,2090.6697064115,1175.3192201045,435.2177623029,441.3248007749,907.0754271985,855.1355939368,646.7218555129,608.6197638332,637.6752725238,565.8761517261,579.6191340373
192,4837.870669355,1777.8794413402,1272.0445935958,508.9221994554,497.6352874585,931.0517621685,873.6651269821,664.1688988798,624.7287267353,650.201340951,576.9608782871,587.687119073
193,10620.7651590339,5856.0827359509,3632.7249768205,2307.7533919556,1871.9495597697,1516.2184209477,1325.8970863063,1089.9816048419,1017.8842281776,955.9126858419,847.4948199139,784.5944384096
194,11931.16085848,6503.1974825501,3832.8348349144,2460.2364884493,1988.4472593156,1565.8217547499,1364.2318282091,1126.0768427954,1051.2111843219,981.8271867115,870.4274070837,801.2858533127
195,50107.1285219026,25355.6949771128,9662.6673618027,6902.550946154,5382.3933876526,3010.923618282,2481.0440002005,2177.645187761,2022.1307322286,1736.7984886075,1538.5261398604,1287.5595154348
196,475.5658598978,846.0631850371,2083.4567726111,1127.2157846266,970.014075486,1132.1850274174,1029.1061270189,810.5290830251,759.8639887488,755.280330157,669.9487035907,655.3680292811
197,131510.327748126,65555.1634749908,22093.7083461678,16374.965948552,12619.3565809341,6092.3364048921,4862.4396608531,4419.9204390375,4092.43732112,3346.6353325654,2963.1232771614,2324.44827606
198,71591.1271167045,35965.1714218908,12943.4778161661,9402.5184232964,7292.3786038726,3824.1725889221,3109.5438812057,2769.428297092,2568.5277322156,2161.6679387299,1914.5069758332,1561.2160410749
199,5604.8892192117,2156.6574049257,1154.913582534,419.6687292252,429.4452769105,902.0172673383,851.2265169074,643.0411455733,605.2213416121,635.0327144929,563.5376659223,577.9170741473
200,3849.4190894302,2512.1783734603,2598.6761763964,1519.8113859186,1269.9586952767,1259.8978763035,1127.8059264967,903.462870271,845.6703285174,822.0019490446,728.9928406535,698.3431276427
201,308.8818943393,458.678130341,1963.6641566487,1035.9341796471,900.2745618252,1102.4907726054,1006.1576373316,788.9212371178,739.9133311619,739.7670222166,656.2204713385,645.3759765436
202,33735.0955382865,17270.6684618517,7162.5025654399,4997.4330597823,3926.8756533638,2391.1814919521,2002.0912234811,1726.6726864196,1605.7450363135,1413.0237210548,1252.0072862778,1079.0176257958
203,66892.5207971445,33644.8513543444,12225.956044503,8855.7690397976,6874.6598739259,3646.3129257889,2972.0893240523,2640.0037933134,2449.0292884879,2068.7478859509,1832.2789900074,1501.366647812
204,51995.4258868946,26288.1958021438,9951.02828813,7122.2810852537,5550.2680984541,3082.4026719398,2536.2848653478,2229.6588983869,2070.1553125116,1774.1416237595,1571.5722983175,1311.6120629156
205,16078.2430440276,8551.1575290924,4466.1336377146,2942.8082286753,2357.1340114531,1722.8041853563,1485.5519190029,1240.3094508262,1156.6828568731,1063.8402495969,943.0034417586,854.1101028318
206,22090.7175481977,11520.307165988,5384.2955489078,3642.4447814914,2891.6591542095,1950.398628725,1661.4428032693,1405.9248431914,1309.5965715655,1182.7434754182,1048.224785,930.6951424394
207,31868.9686554948,16349.1161205322,6877.5272821278,4780.2827702487,3760.971958016,2320.5416732136,1947.4989408294,1675.2696682974,1558.2843121912,1376.1190313131,1219.3491224668,1055.2474790564
208,5168.6916597773,1941.2492856378,1221.525089086,470.4264923755,468.224412284,918.5289615948,863.9871821527,655.0563366405,616.3150417362,643.6589958811,571.1713437185,583.4732236732
209,81034.0830700028,40628.4010489787,14385.5067976412,10501.3400726818,8131.8827673377,4181.6234691636,3385.7911853003,3029.5373177968,2808.6879975928,2348.4126681016,2079.763478607,1681.4974917811
210,10597.3926627384,5844.540659749,3629.1557748467,2305.0336710275,1869.8716820323,1515.3336853399,1325.2133396995,1089.3378025037,1017.2898015022,955.4504692948,847.0857894135,784.2967267846
211,1740.8813530827,248.4883898685,1744.9842505709,869.3007636958,772.9659612514,1048.2842858268,964.2654595116,749.4763875701,703.4936579438,711.4476746833,631.159756908,627.1356105862
212,26546.5170205281,13720.721550477,6064.7384109226,4160.9401498624,3287.7917028613,2119.0671528017,1791.7942099586,1528.661160393,1422.9197713172,1270.8617585819,1126.2035282559,987.4517372216
213,5608.0945901322,2158.2403182334,1154.4240919776,419.2957389265,429.1603108208,901.8959321692,851.1327459442,642.9528526811,605.1398202395,634.969324795,563.4815703109,577.8762451244
214,5608.0945901322,2158.2403182334,1154.4240919776,419.2957389265,429.1603108208,901.8959321692,851.1327459442,642.9528526811,605.1398202395,634.969324795,563.4815703109,577.8762451244
215,5094.1667858751,1904.4465512341,1232.9057445226,479.0985168206,474.8498738695,921.3500042755,866.1673570477,657.1091463819,618.2104136496,645.1328063571,572.4755666855,584.4224984544
216,5608.0945901322,2158.2403182334,1154.4240919776,419.2957389265,429.1603108208,901.8959321692,851.1327459442,642.9528526811,605.1398202395,634.969324795,563.4815703109,577.8762451244
217,4105.4434140156,1416.1837505335,1383.8931857364,594.150482712,562.7500389552,958.7768482992,895.0917920787,684.3438247257,643.3563603791,664.6858869194,589.7787255112,597.0165507938
218,72809.3684021856,36566.7774108939,13129.5148207631,9544.278048702,7400.6835283395,3870.2875366138,3145.1827079159,2802.9851143975,2599.510948897,2185.7599857851,1935.8268141729,1576.7336215712
219,5608.0945901322,2158.2403182334,1154.4240919776,419.2957389265,429.1603108208,901.8959321692,851.1327459442,642.9528526811,605.1398202395,634.969324795,563.4815703109,577.8762451244
220,19155.2655706075,10070.6883497516,4936.024176432,3300.86337418,2630.6895839788,1839.2808920241,1575.568136574,1325.0669483761,1234.9399778647,1124.691718336,996.8528914662,893.3042635568
221,23109.1573796328,12023.2448921452,5539.8209754883,3760.9546782771,2982.2011924184,1988.9503508785,1691.2365732718,1433.9780702224,1335.4982893536,1202.8842313047,1066.0479968906,943.6677138447
222,1690.3967610845,223.5575052725,1752.6937268344,875.1753609006,777.4541771641,1050.1953147396,965.7423521823,750.8670006207,704.7776195626,712.4460624251,632.0432627888,627.778667696
223,74.5606020282,648.0341347732,2022.2194644597,1080.553144131,934.3636303057,1117.0054922045,1017.3749888073,799.4832743358,749.6653253616,747.3500148269,662.9309088623,650.2601484018
224,5261.4517584812,3209.4846628574,2814.3069642166,1684.1213831341,1395.4921945835,1313.3485460915,1169.1139893584,942.3577286783,881.5821915185,849.9264315849,753.7041261709,716.329162812
225,67925.6519119654,34155.0440998285,12383.7249694671,8975.9884754525,6966.5080067126,3685.4207674673,3002.3128776362,2668.4616960999,2475.3046459005,2089.1791779528,1850.3593067839,1514.5263522387
226,36556.4229553939,18663.9289688622,7593.3460345634,5325.7344583332,4177.6992434423,2497.9791910711,2084.6272531733,1804.3869863889,1677.4991294766,1468.8185407682,1301.381942311,1114.954821344
227,2285.1313016544,1739.683701948,2359.7945871465,1337.7843495141,1130.8893067092,1200.6837859851,1082.043742882,860.3740994887,805.8862003168,791.0664558546,701.6170135907,678.4177138882
228,14085.2368956319,7566.9482026769,4161.7826865444,2710.8937398176,2179.9504083881,1647.3615161758,1427.247869057,1185.411505725,1105.9952450846,1024.4263843137,908.1248266597,828.7238072713
229,569.3850601926,330.0334467308,1923.8828512202,1005.6209472452,877.1151302435,1092.6297623031,998.536793008,781.7456001991,733.2880212746,734.6152886441,651.6615342469,642.0577678325
230,319.5711417657,769.0280707296,2059.6348988656,1109.0635900891,956.1457257872,1126.2800491897,1024.5426068086,806.2321622761,755.8966152813,752.1953648596,667.2187171651,653.3810168358
231,5514.2039335852,2111.8741492624,1168.7620861925,430.2212464264,437.5074425316,905.4500414963,853.8794537419,645.5390986457,607.5277171125,636.8261146958,565.1247042639,579.072195252
232,36113.14686851,18445.0252493532,7525.6535696993,5274.1530082733,4138.2908079541,2481.1995483162,2071.6595103842,1792.1768151849,1666.225402988,1460.0522737972,1293.6243867062,1109.308507726
233,4465.1795212834,1593.8327919609,1328.9580684989,552.2900923123,530.7685321798,945.159503388,884.5679550186,674.4347870222,634.2072846644,657.5717139497,583.4831617807,592.4343435838
234,1393.9046286274,1299.5678476896,2223.6958170236,1234.0775052086,1051.6568601853,1166.9475533538,1055.9715079824,835.8249966131,783.2198620045,773.4414786031,686.0200962809,667.0655443271
235,23061.8781585551,11999.8969208568,5532.6009897812,3755.453071371,2977.9979425953,1987.1606571348,1689.8534515643,1432.6757500638,1334.2958491075,1201.9492332608,1065.2205866212,943.0654857577
236,28967.5069653744,14916.2827808294,6434.446549094,4442.6566142299,3503.024215695,2210.710594868,1862.6186370566,1595.3480460255,1484.4921847125,1318.7394691524,1168.5720761465,1018.289557937
237,46187.6276717121,23420.1217754162,9064.1223885079,6446.4615171369,5033.9392278839,2862.555984679,2366.3816477955,2069.6813750696,1922.4470771334,1659.2860942724,1469.932893601,1237.6341265379
238,60312.3617472377,30395.3611751852,11221.1033162249,8090.0743509527,6289.6660493248,3397.2295184161,2779.5912114867,2458.7513618695,2281.6777990321,1938.6180805092,1717.1228802403,1417.5506181371
239,32039.5878784518,16433.373276806,6903.5824565369,4800.1367330241,3776.1404654991,2327.0002431502,1952.4902910593,1679.9694253668,1562.6236269213,1379.4932121072,1222.3350451198,1057.4207739184
240,7181.8028326784,4157.8146209653,3107.5627961081,1907.5814252209,1566.2165662819,1386.0409514399,1225.2925641379,995.2543682252,930.4219855276,887.9034637158,787.3112407428,740.7900005213
241,14682.1036724576,7861.6998515126,4252.9299072366,2780.3476416909,2233.0134690078,1669.9551357816,1444.7088038339,1201.8523780089,1121.1752040112,1036.2300743087,918.5702969815,836.3265115675
242,64072.2618370106,32252.1184851031,11795.2757388983,8527.5919713463,6623.9312725439,3539.5556717262,2889.5845513478,2562.3189243082,2377.3023691156,2012.9741961367,1782.9230325113,1465.443061938
243,177.9338142151,699.0830889461,2038.0055349041,1092.5820812646,943.5537866985,1120.9185514068,1020.3991023712,802.3307201062,752.2943896286,749.394332584,664.7399923327,651.5768843887
244,11388.7186087424,6235.3223825845,3749.9987559613,2397.1156510229,1940.2226854272,1545.2883052022,1348.3630462453,1111.135110242,1037.4153903678,971.0998009619,860.9343934986,794.3763918003
245,39367.132581327,20051.9460755411,8022.5680662187,5652.8003265195,4427.5788833487,2604.3749674426,2166.8526665499,1881.8088161531,1748.983183093,1524.4033821075,1350.5707816312,1150.7567707541
246,60760.5126690633,30616.6722420163,11289.5402146435,8142.2230570919,6329.5078707411,3414.1936917407,2792.7015642823,2471.0958118469,2293.0755059415,1947.4807526457,1724.965747921,1423.2590258941
247,51842.9704324872,26212.9084879469,9927.7468935406,7104.540734171,5536.7143988127,3076.6316679613,2531.8248839095,2225.4594677062,2066.2779522263,1771.1266512535,1568.9042507962,1309.6701325164
248,29001.4972528441,14933.0682573631,6439.6371885359,4446.6118655226,3506.0460436045,2211.9972532233,1863.6129999791,1596.2843185689,1485.3566509347,1319.4116640737,1169.1669233599,1018.7225157001
249,30062.2746918545,15456.913630126,6601.6279695491,4570.0483425038,3600.3520089149,2252.1516107348,1894.6453281209,1625.5037475498,1512.3351301862,1340.3896922199,1187.7310647855,1032.2343704489
250,498.1370134631,857.209532912,2086.9036019458,1129.84225798,972.0207117009,1133.0394292329,1029.7664308849,811.1508121404,760.438035081,755.7266992797,670.3437101882,655.6555336503
251,5503.586142411,2106.6307489307,1170.3835236606,431.4567767909,438.4513927038,905.8519642438,854.1900700576,645.8315688508,607.7977566593,637.0360930701,565.310520977,579.2074413902
252,31216.6088946077,16026.9602850571,6777.9057561776,4704.3714738288,3702.9754219684,2295.8474384934,1928.4145962517,1657.3002253189,1541.693014501,1363.2179071734,1207.9324968712,1046.9379223021
253,5608.0945901322,2158.2403182334,1154.4240919776,419.2957389265,429.1603108208,901.8959321692,851.1327459442,642.9528526811,605.1398202395,634.969324795,563.4815703109,577.8762451244
254,3768.5455745565,1249.8129664234,1435.3406827595,633.3533172332,592.7011623414,971.5296801308,904.9475110258,693.6237755729,651.9245963138,671.3484082916,595.6746080099,601.3078512161
255,15133.7938580079,8084.7587184543,4321.9072848113,2832.908191285,2273.1699404815,1687.0532833553,1457.9226954015,1214.2943180547,1132.662924103,1045.1627392367,926.4751035665,842.0800013705
256,2614.4784860468,679.8982209346,1611.5776785083,767.6453660334,695.3008282208,1015.2153966253,938.7089649097,725.4128956011,681.275687181,694.1713407702,615.8713654614,616.0080006507
257,3748.6502411163,2462.4155363498,2583.2878170291,1508.0855034027,1261.0000738317,1256.0834019261,1124.8580018404,900.6871624754,843.1075003656,820.0091354172,727.2293348675,697.0595652369
258,5326.1555062479,2019.009901878,1197.4788655021,452.103343951,454.2254531274,912.5683714146,859.3806835844,650.7189483158,612.3103043062,640.5449769721,568.4156468043,581.4674979258
259,5608.0945901322,2158.2403182334,1154.4240919776,419.2957389265,429.1603108208,901.8959321692,851.1327459442,642.9528526811,605.1398202395,634.969324795,563.4815703109,577.8762451244
260,26663.1123877621,13778.3000220442,6082.5436299121,4174.5076719782,3298.1573443742,2123.4807195763,1795.2051287459,1531.8728143433,1425.8851112463,1273.1675588427,1128.2440061236,988.9368929277
261,55610.7503924397,28073.5571264129,10503.1226471652,7542.975289049,5871.680163669,3219.256103562,2642.0487440552,2329.2440835046,2162.1029290175,1845.6385998884,1634.8423047788,1357.6629476652
262,40911.3868008496,20814.5475388803,8258.390339491,5832.4961735571,4564.8672338557,2662.8307129544,2212.0287816445,1924.3457563597,1788.2578027147,1554.9426896857,1377.5960111223,1170.4270031158
263,5190.4614706125,1951.9999051859,1218.2006323903,467.8932665967,466.2890175914,917.7048935716,863.3503210275,654.4566807483,615.7613757471,643.2284741829,570.7903610238,583.1959265597
264,4014.82490695,1371.4334722308,1397.731491675,604.6952292819,570.8062677828,962.2070946412,897.7427753515,686.8399383629,645.6610375175,666.4779665036,591.3645951942,598.1708212939
265,3995.7262385486,1362.0019471058,1400.6480395736,606.9176298118,572.5041907339,962.9300500235,898.3014940073,687.366016845,646.1467690294,666.8556634535,591.698831546,598.4140942217
266,5330.2289984594,2021.0215208732,1196.8568045867,451.6293354464,453.8633087218,912.4141746373,859.2615163186,650.6067427655,612.2067042285,640.4644192311,568.3443586314,581.4156110426
267,4695.0981062701,1707.373844427,1293.8473187961,525.5358090107,510.3281520373,936.4562328238,877.841841969,668.1016114489,628.3598245408,653.0248237447,579.4594703153,589.505711799
268,68132.5318934607,34257.2079628956,12415.3175057956,9000.0618909821,6984.9001930853,3693.2519415039,3008.3650118876,2674.1602665111,2480.5661711584,2093.2704547042,1853.9798110417,1517.1615254217
269,67344.6116540598,33868.1080854495,12294.9946083972,8908.376213179,6914.8519661608,3663.4262402587,2985.3149369903,2652.4567699707,2460.5271987512,2077.6884745911,1840.1908085438,1507.1252412429
270,176.1928939418,524.2041458072,1983.9270261403,1051.3744238877,912.0709705801,1107.5135430414,1010.0393644968,792.5761949639,743.287976316,742.3910915856,658.5425959222,647.0661279686
271,19814.5035232616,10396.2408533661,5036.6960675344,3377.5750456159,2689.2976097607,1864.2354917946,1594.8536980103,1343.2258531856,1251.7062068336,1137.7288662025,1008.3898888948,901.7014325893
272,155243.495050722,77275.350401357,25717.9882053348,19136.6560559245,14729.298940221,6990.7247469736,5556.7374546152,5073.6575670971,4696.0368492574,3815.9845413275,3378.4657025174,2626.7540166699
273,95677.3526704838,47859.7096536268,16621.6730205781,12205.2918579461,9433.7087905813,4735.9254943126,3814.1701558546,3432.8905193299,3181.1064998747,2637.9992585911,2336.0280990625,1868.0189284306
274,5511.2656769081,2110.423145397,1169.2107858692,430.5631542002,437.7686614472,905.5612654013,853.9654104582,645.6200337968,607.6024450374,636.8842219189,565.1761252411,579.1096218563
275,46931.6076180775,23787.5225496027,9177.7351861955,6533.034119595,5100.0810446621,2890.7183829816,2388.1462790721,2090.1745232142,1941.3685273909,1673.9991072769,1482.9529187582,1247.1107128619
276,5608.0945901322,2158.2403182334,1154.4240919776,419.2957389265,429.1603108208,901.8959321692,851.1327459442,642.9528526811,605.1398202395,634.969324795,563.4815703109,577.8762451244
277,44875.0282797581,22771.9187759181,8863.6760056564,6293.7219898128,4917.2456141514,2812.869232948,2327.9824383555,2033.5254357528,1889.0640750454,1633.3280129855,1446.9617406982,1220.9146416816
278,5608.0945901322,2158.2403182334,1154.4240919776,419.2957389265,429.1603108208,901.8959321692,851.1327459442,642.9528526811,605.1398202395,634.969324795,563.4815703109,577.8762451244
279,500.2692497188,364.1650149278,1934.4374913429,1013.6635505613,883.2597115527,1095.246051886,1000.5587294025,783.6494156851,735.0458258717,735.9821290049,652.8710958695,642.9381436377
280,2154.9131080082,1675.3778488232,2339.9090332922,1322.6316186287,1119.3125593151,1195.754544742,1078.234297501,856.7872007469,802.5743945541,788.4912493777,699.3381293741,676.7590348349
281,5608.0945901322,2158.2403182334,1154.4240919776,419.2957389265,429.1603108208,901.8959321692,851.1327459442,642.9528526811,605.1398202395,634.969324795,563.4815703109,577.8762451244
282,19869.9965073232,10423.6450400055,5045.1703727924,3384.0324401624,2694.2310851886,1866.336106909,1596.4771078111,1344.7544238802,1253.117545597,1138.8263003472,1009.3610441686,902.4082850473
283,6376.6537245796,3760.2065844905,2984.6088869689,1813.8909245623,1494.6366466252,1355.5630736611,1201.7384703132,973.0762973897,909.9448357426,871.9807639765,773.2207243331,730.5342603446
284,67925.6519119654,34155.0440998285,12383.7249694671,8975.9884754525,6966.5080067126,3685.4207674673,3002.3128776362,2668.4616960999,2475.3046459005,2089.1791779528,1850.3593067839,1514.5263522387
285,1444.1221063823,1324.3668228434,2231.3645024075,1239.9210198885,1056.1213289239,1168.8484710024,1057.4405864062,837.2082519227,784.4970301755,774.4345838701,686.8989275275,667.7051990184
286,5608.0945901322,2158.2403182334,1154.4240919776,419.2957389265,429.1603108208,901.8959321692,851.1327459442,642.9528526811,605.1398202395,634.969324795,563.4815703109,577.8762451244
287,4913.1301074264,1815.0449267103,1260.55176324,500.1646980668,490.9445211441,928.2029135115,871.4634629081,662.0958553506,622.8146728407,648.7130036693,575.6438000758,586.7284876407
288,73398.9563158792,36857.9345274268,13219.5504899835,9612.8849517721,7453.0994784638,3892.6056242732,3162.4307044638,2819.225488239,2614.5057863734,2197.4197283411,1946.1449007102,1584.2436099613
289,50510.5378079625,25554.9112123574,9724.2717878713,6949.4933293736,5418.2575574002,3026.1941548717,2492.8454666345,2188.7572161194,2032.3905366452,1744.776346211,1545.5860062974,1292.6980180812
290,5232.0645140184,1972.5448008253,1211.8474528769,463.0521633446,462.5903952189,916.1300641898,862.1332520673,653.3107125862,614.703296265,642.405728729,570.0622867331,582.6659998673
291,11388.7186087424,6235.3223825845,3749.9987559613,2397.1156510229,1940.2226854272,1545.2883052022,1348.3630462453,1111.135110242,1037.4153903678,971.0998009619,860.9343934986,794.3763918003
292,39479.9215705929,20107.6448375553,8039.7920151725,5665.9249226556,4437.6061276301,2608.644448704,2170.1522323183,1884.915622294,1751.8517163921,1526.633907102,1352.5446459603,1152.1934419955
293,2154.9131080082,1675.3778488232,2339.9090332922,1322.6316186287,1119.3125593151,1195.754544742,1078.234297501,856.7872007469,802.5743945541,788.4912493777,699.3381293741,676.7590348349
294,1436.2422362027,1320.4754942953,2230.1611714563,1239.0040854042,1055.4207872867,1168.5501887118,1057.2100661216,836.991198563,784.2966234678,774.2787508628,686.7610258159,667.6048276705
295,5063.2529898955,3111.6078566653,2784.0401314783,1661.0581496635,1377.8717913703,1305.8459881378,1163.3158181324,936.8982848498,876.5414533115,846.0068352652,750.2355475274,713.8045682326
296,25235.9209853995,13073.5078717961,5864.5979596689,4008.433741475,3171.2761929349,2069.4562355513,1753.4536073706,1492.5604041338,1389.5877200871,1244.9432958562,1103.2674351103,970.7577705045
297,18370.8178163705,9683.3032950556,4816.2315604697,3209.5817692005,2560.9500703181,1809.5866372121,1552.6196468868,1303.4591024688,1214.9893202778,1109.1784103956,983.124659214,883.3122108194
298,784.6170394848,998.6824097866,2130.6518204253,1163.1782659277,997.4895559679,1143.8837599678,1038.147210723,819.0419893722,767.7240077589,761.3921535288,675.3572554646,659.3046275673
299,1398.8415644386,79.578348994,1797.2169720282,909.1019368213,803.3742177399,1061.2317594922,974.2716027122,758.8979749317,712.1926677472,718.2118836958,637.1456261168,631.4924075659
300,40443.2023107708,20583.3432638761,8186.8941250948,5778.0162780509,4523.2443743787,2645.1081948232,2198.3323603287,1911.4494758067,1776.3505872264,1545.6838319373,1369.4025458699,1164.4634139661
301,3905.4416242872,1317.4165556059,1414.4353569126,617.4235232256,580.5307355938,966.3476572855,900.9427094715,689.852933306,648.4429543582,668.6411399441,593.2788579361,599.5641116986
302,5190.4614706125,1951.9999051859,1218.2006323903,467.8932665967,466.2890175914,917.7048935716,863.3503210275,654.4566807483,615.7613757471,643.2284741829,570.7903610238,583.1959265597
303,5390.5347165931,3273.2299008524,2834.0191568322,1699.1420132886,1406.9680164875,1318.2348144623,1172.8902241899,945.9133570208,884.8651251284,852.4791875437,755.9631431917,717.9733815863
304,5514.2039335852,2111.8741492624,1168.7620861925,430.2212464264,437.5074425316,905.4500414963,853.8794537419,645.5390986457,607.5277171125,636.8261146958,565.1247042639,579.072195252
305,5608.0945901322,2158.2403182334,1154.4240919776,419.2957389265,429.1603108208,901.8959321692,851.1327459442,642.9528526811,605.1398202395,634.969324795,563.4815703109,577.8762451244
306,639.3068910878,926.9236731714,2108.4615818679,1146.269372386,984.5710932348,1138.3832323037,1033.8962603902,815.0393782635,764.0283722001,758.5184872243,672.8142544107,657.4537118649
307,61612.0728769487,31037.1995440921,11419.5815391308,8241.3141464508,6405.2138619049,3446.4284016549,2817.613383512,2494.5522901827,2314.7330172676,1964.3212823857,1739.8684820386,1434.1059362974
308,4928.6227335423,1822.6956743641,1258.1858922174,498.361911623,489.5671850439,927.6164601944,871.0102365858,661.6691063721,622.420652873,648.4066201295,575.3726712869,586.5311473636
309,48085.7414851481,24357.4702724521,9353.9823796642,6667.3339390264,5202.686647335,2934.4066272921,2421.9096865177,2121.9654826776,1970.72131662,1696.8233603742,1503.1508448682,1261.8117129012
310,18475.7937140176,9735.1437058824,4832.2623761922,3221.7972014835,2570.2827097558,1813.5603639989,1555.6906459323,1306.3506946852,1217.6591452311,1111.2544230016,984.9617904902,884.6493613177
311,5608.0945901322,2158.2403182334,1154.4240919776,419.2957389265,429.1603108208,901.8959321692,851.1327459442,642.9528526811,605.1398202395,634.969324795,563.4815703109,577.8762451244
312,5608.0945901322,2158.2403182334,1154.4240919776,419.2957389265,429.1603108208,901.8959321692,851.1327459442,642.9528526811,605.1398202395,634.969324795,563.4815703109,577.8762451244
313,5301.3806601747,2006.775301104,1201.2622195944,454.9862481349,456.4280035291,913.5061911588,860.1054549876,651.4013787944,612.9403965821,641.0349265121,568.8492191348,581.7830722482
314,52526.9164526537,26550.6626149748,10032.1919410154,7184.1275391595,5597.5190382026,3102.5215596599,2551.8332631873,2244.298963559,2083.6725751091,1784.6524280413,1580.8736518967,1318.3820252667
315,77687.2751576123,38975.6416915891,13874.4174704257,10111.8915770352,7834.3425489288,4054.9343857664,3287.8825783246,2937.3485018282,2723.5694944057,2282.2258997899,2021.1926482661,1638.8668882997
316,23691.2660945119,12310.7085442935,5628.7145000771,3828.6912706501,3033.9522216668,2010.9853231434,1708.2657709056,1450.0124273156,1350.3029102938,1214.3960645657,1076.2351936678,951.0824345149
317,5608.0945901322,2158.2403182334,1154.4240919776,419.2957389265,429.1603108208,901.8959321692,851.1327459442,642.9528526811,605.1398202395,634.969324795,563.4815703109,577.8762451244
318,2937.4242839807,2061.8065600625,2459.4059153767,1413.6878753027,1188.8799059633,1225.3754928893,1101.1261338979,878.341703032,822.475799645,803.9662593756,713.0324705277,686.7264200378
319,25100.8279568116,13006.7946713492,5843.96797226,3992.7137545104,3159.2660596127,2064.3424637386,1749.5015519831,1488.8392266186,1386.1519339036,1242.2716842138,1100.903238818,969.0369973124
320,59686.2459607623,30086.1654424168,11125.4894942054,8017.2169126036,6234.0026731365,3373.5287153926,2761.2746166703,2441.5048169451,2265.7539575802,1926.2359595209,1706.1655374638,1409.5753490074
321,5605.8241190635,2157.1190879738,1154.770814455,419.5599403881,429.362161801,901.9818779139,851.1991670431,643.0153934797,605.1975645451,635.014225831,563.5213047023,577.9051656823
322,10980.2341520583,6033.599867936,3687.6193031783,2349.5826998303,1903.907319371,1529.8256545948,1336.4131091195,1099.8832848044,1027.0265104445,963.0215763368,853.7857090101,789.1732432011
323,29748.8829058126,15302.1508769389,6553.7700699397,4533.5807701731,3572.4906368531,2240.288570143,1885.477262904,1616.8712779113,1504.3647176506,1334.1920286323,1182.2465501043,1028.2424828609
324,16281.6505403591,8651.6065694095,4497.195892607,2966.4775713813,2375.217484562,1730.5039129598,1491.5024680441,1245.9123706044,1161.8560673106,1067.8628541756,946.5631757707,856.7010445734
325,5608.0945901322,2158.2403182334,1154.4240919776,419.2957389265,429.1603108208,901.8959321692,851.1327459442,642.9528526811,605.1398202395,634.969324795,563.4815703109,577.8762451244
326,3498.2974165113,2338.7834115473,2545.0565650292,1478.9534069468,1238.7430348674,1246.6066196592,1117.5340989003,893.791119715,836.7403414916,815.058135888,722.8480338789,693.8706484316
327,24095.6770589845,12510.4194399468,5690.4718919446,3875.7502133381,3069.9054433173,2026.2937769734,1720.0965407656,1461.1520472028,1360.5881901394,1222.3937314497,1083.3125899834,956.2336962309
328,21483.6336515629,11220.509980984,5291.588077067,3571.8019730409,2837.6877641788,1927.4182532678,1643.6829735471,1389.2025373138,1294.1567632636,1170.7377307611,1037.6005099166,922.9622956328
329,19848.9612606573,10413.2571714238,5041.9580910159,3381.5846913271,2692.3609952249,1865.539844862,1595.8617358649,1344.1750017758,1252.5825615892,1138.4103054548,1008.9929167183,902.1403445849
330,21901.934556691,11427.0801676373,5355.466594679,3620.4772070233,2874.8758388848,1943.2524928304,1655.9200842478,1400.7247597335,1304.7953023905,1179.0100863361,1044.9209872153,928.2904831145
331,23761.2500262766,12345.268818178,5639.4017105588,3836.8348921721,3040.1739812919,2013.6344743346,1710.3131036026,1451.9401554599,1352.0827935961,1215.7800729697,1077.4599478519,951.9738681804
332,25235.9209853995,13073.5078717961,5864.5979596689,4008.433741475,3171.2761929349,2069.4562355513,1753.4536073706,1492.5604041338,1389.5877200871,1244.9432958562,1103.2674351103,970.7577705045
333,552.7618762337,884.1850138639,2095.2453368447,1136.1986343206,976.8770088129,1135.107182739,1031.3644443832,812.6554701767,761.8272951394,756.8069653812,671.2996729006,656.351328248
334,5517.3425259449,2113.4240852095,1168.282793356,429.8560267589,437.2284132355,905.3312341433,853.7876363405,645.4526451889,607.4478941018,636.7640456166,565.069777311,579.0322168338
335,31216.4085589251,16026.8613529754,6777.8751630179,4704.3481619351,3702.9576115878,2295.8398550453,1928.4087355665,1657.2947070132,1541.6879194152,1363.2139453173,1207.9289908955,1046.9353704882
336,62912.7189065116,31679.499596047,11618.2025301156,8392.6627307859,6520.8447895946,3495.6626743179,2855.6629054017,2530.3789705893,2347.8120125702,1990.0429729242,1762.6304450569,1450.6731629227
337,20319.1491075614,10645.4507672452,5113.7602370098,3436.2977057699,2734.1619585079,1883.3381974738,1609.6167640328,1357.1264653864,1264.5407279354,1147.7087817644,1017.2214417279,908.1294518739
338,3899.23589582,2536.7794844506,2606.2836754606,1525.6082768111,1274.3875432541,1261.7836270561,1129.2632835502,904.8350889691,846.9373065168,822.9871305994,729.8646599487,698.9776787062
339,152254.019217409,75799.052900414,25261.4668774395,18788.7882079535,14463.5265040202,6877.5620071109,5469.2823564772,4991.3115691628,4620.0062807555,3756.8644037121,3326.1483641984,2588.6749986315
340,177.9338142151,699.0830889461,2038.0055349041,1092.5820812646,943.5537866985,1120.9185514068,1020.3991023712,802.3307201062,752.2943896286,749.394332584,664.7399923327,651.5768843887
341,3450.2168527035,2315.039711932,2537.714206683,1473.358552466,1234.4685435219,1244.7865921232,1116.127534452,892.4667263335,835.5175209023,814.1072904197,722.0065997066,693.2582130888
342,124074.935669488,61883.3322389241,20958.2534188066,15509.752785631,11958.3302415247,5810.8792577239,4644.9222831624,4215.1103603189,3903.3349104319,3199.5923633548,2833.0001570552,2229.7385527265
343,21904.4721420031,11428.3333073392,5355.8541080362,3620.7724910098,2875.1014370391,1943.3485498392,1655.9943195937,1400.7946582731,1304.8598401439,1179.0602698469,1044.9653962411,928.322806091
344,18785.3123435305,9887.993772156,4879.5288080459,3257.8140772032,2597.7997477925,1825.2767912615,1564.7454045686,1314.8764770791,1225.5310527747,1117.3754907043,990.3785229741,888.5919138364
345,1299.8804149588,1253.1357239975,2209.3374273688,1223.1364564463,1043.2978548874,1163.3883883946,1053.2208930612,833.235071778,780.8285684076,771.5820474649,684.3746250107,665.8678929902
346,2995.9844041498,868.2978819101,1553.3181045751,723.251749855,661.3839267529,1000.7739836909,927.5482667244,714.9042020054,671.5729454772,686.6266461023,609.1948190362,611.1484963272
347,47394.9840517755,24016.3524546454,9248.4971647571,6586.9545296531,5141.2764550045,2908.2588983591,2401.7020439431,2102.938364429,1953.1534608203,1683.1628804785,1491.0622405934,1253.0130584774
348,18890.154684056,9939.7682282616,4895.5392283286,3270.0139682237,2607.1205136432,1829.2454624163,1567.8124964907,1317.764390425,1228.1974810042,1119.4488620728,992.2133169331,889.9273631254
349,37699.8722527294,19228.6003140193,7767.9615928441,5458.7909767688,4279.3549591496,2541.2629848181,2118.0780907416,1835.8836362119,1706.580180797,1491.4314948726,1321.3928830494,1129.5197246405
350,431.8926811056,824.4959912198,2076.78746378,1122.1337918066,966.1314125138,1130.5318357389,1027.8284976449,809.3260923702,758.7532600468,754.4166455232,669.1844008842,654.8117338448
351,5608.0945901322,2158.2403182334,1154.4240919776,419.2957389265,429.1603108208,901.8959321692,851.1327459442,642.9528526811,605.1398202395,634.969324795,563.4815703109,577.8762451244
352,44271.4836468481,22473.8693910247,8771.5090129717,6223.4910248171,4863.5888741781,2790.02283174,2310.3261474053,2016.9006199436,1873.7142799258,1621.3922611199,1436.3994045192,1213.2268769211
353,1736.0065181411,246.0810425464,1745.7286841254,869.8680197751,773.3993471794,1048.4688163965,964.4080695181,749.6106663435,703.6176383647,711.5440798488,631.2450689838,627.1977047251
354,11105.5107322021,6095.4653963782,3706.7502257582,2364.1604040051,1915.0447440435,1534.5678374523,1340.0779909321,1103.3340653375,1030.2126374244,965.4990570294,855.9781124923,790.7689775107
355,14729.049000731,7884.8829359981,4260.0989043441,2785.8103954409,2237.1870348632,1671.7321904452,1446.0821577328,1203.1455009912,1122.3691524477,1037.1584692591,919.391863958,836.9244866313
356,72423.9225489927,36376.4320856444,13070.6535813544,9499.4259652815,7366.416356053,3855.6969825341,3133.9067495882,2792.3678941219,2589.7080038395,2178.1373746135,1929.0813168919,1571.8239315737
357,4981.043903805,1848.582902417,1250.180682076,492.2619661128,484.9068021186,925.632124617,869.4766906248,660.2251496991,621.0874387583,647.3699344452,574.4552743075,585.8634227191
358,4997.2043155293,1856.5634236765,1247.7128338541,490.3814733568,483.470098083,925.0203931396,869.0039286852,659.7800063681,620.6764351713,647.0503447183,574.1724589329,585.6575763956
359,8320.2437379506,4720.0126640791,3281.4135253944,2040.0551463148,1667.427022474,1429.1351589852,1258.5968845761,1026.6130604044,959.3756597033,910.4173714172,807.2345320882,755.2911084695
360,5608.0945901322,2158.2403182334,1154.4240919776,419.2957389265,429.1603108208,901.8959321692,851.1327459442,642.9528526811,605.1398202395,634.969324795,563.4815703109,577.8762451244
361,1436.2422362027,1320.4754942953,2230.1611714563,1239.0040854042,1055.4207872867,1168.5501887118,1057.2100661216,836.991198563,784.2966234678,774.2787508628,686.7610258159,667.6048276705
362,5608.0945901322,2158.2403182334,1154.4240919776,419.2957389265,429.1603108208,901.8959321692,851.1327459442,642.9528526811,605.1398202395,634.969324795,563.4815703109,577.8762451244
363,104527.982789094,52230.4300923982,17973.2482263159,13235.1880083814,10220.5535953871,5070.9546464378,4073.0893673701,3676.6837493479,3406.2022949365,2813.0301000398,2490.9186002975,1980.7555159563
364,5608.0945901322,2158.2403182334,1154.4240919776,419.2957389265,429.1603108208,901.8959321692,851.1327459442,642.9528526811,605.1398202395,634.969324795,563.4815703109,577.8762451244
365,5511.2656769081,2110.423145397,1169.2107858692,430.5631542002,437.7686614472,905.5612654013,853.9654104582,645.6200337968,607.6024450374,636.8842219189,565.1761252411,579.1096218563
366,47967.476653893,24299.0673668705,9335.9222176765,6653.57215113,5192.1725859838,2929.9298651169,2418.4499286871,2118.707842846,1967.7135176427,1694.4845446457,1501.0811505361,1260.305292079
367,28825.3354093371,14846.0739801614,6412.735603373,4426.1129403556,3490.384782258,2205.3288745569,1858.4595041253,1591.4318883736,1480.8763721644,1315.9278719271,1166.0840020454,1016.4786206527
368,5468.5941765286,2089.3506119884,1175.7271289015,435.5285875519,441.5622725163,907.1765398394,855.2137364061,646.795432923,608.6876983104,637.728097272,565.922898069,579.653158223
369,16761.0538286598,8888.3510409905,4570.4053239507,3022.262932933,2417.8377253529,1748.6511041826,1505.5270877312,1259.1176762798,1174.0486076032,1077.3435758666,954.9529756633,862.8075353032
370,2995.9844041498,868.2978819101,1553.3181045751,723.251749855,661.3839267529,1000.7739836909,927.5482667244,714.9042020054,671.5729454772,686.6266461023,609.1948190362,611.1484963272
371,45770.5287806791,23214.1451812534,9000.4274298545,6397.9261545165,4996.8580154615,2846.7672458048,2354.1797012061,2058.1922624845,1911.8391085212,1651.0375098342,1462.6334521566,1232.3212499398
372,5608.0945901322,2158.2403182334,1154.4240919776,419.2957389265,429.1603108208,901.8959321692,851.1327459442,642.9528526811,605.1398202395,634.969324795,563.4815703109,577.8762451244
373,1402.0469353591,81.1612623017,1796.7274814718,908.7289465226,803.0892516502,1061.1104243231,974.177831749,758.8096820396,712.1111463746,718.1484939979,637.0895305053,631.4515785431
374,117626.597498687,58698.9393695436,19973.530989661,14759.3973228208,11385.0556473625,5566.7857591789,4456.2805014593,4037.4889740628,3739.3359874252,3072.0694592389,2720.1509793105,2147.6016166162
375,17324.3977679416,9166.5480548167,4656.4332892404,3087.8159779323,2467.9205156178,1769.9757601453,1522.0073345178,1274.6351520671,1188.3759888412,1088.4843152712,964.8117793816,869.9832360687
376,36846.9764736271,18807.413464732,7637.7163139583,5359.5444747855,4203.530232115,2508.9777185834,2093.1272002772,1812.3903691711,1684.8887022323,1474.5645527584,1306.4667757603,1118.6558021443
377,38683.7875682081,19714.4887447583,7918.2147982233,5573.2834572121,4366.8276751006,2578.5078260881,2146.8618693277,1862.9858752176,1731.6038454675,1510.8894908881,1338.6118984579,1142.0525334456
378,3600.0632655466,1166.6110856881,1461.069530131,652.9586198095,607.6796924313,977.9073599547,909.8763472802,698.2646707142,656.2095634622,674.6803292871,598.6231335886,603.4539267296
379,5290.963204683,2001.630832854,1202.8530639028,456.1984666057,457.3541433206,913.9005304583,860.4102106181,651.6883306937,613.2053410431,641.2409430302,569.0315298721,581.9157665725
380,11496.89987731,6288.745706719,3766.5190622403,2409.7040736046,1949.8402909546,1549.383367158,1351.5278162541,1114.1149953505,1040.1667366937,973.2392032658,862.8276203862,795.7543713214
381,40033.1151686264,20380.8292925738,8124.2699270336,5730.296831709,4486.7865252776,2629.5848766313,2186.3355377213,1900.1535039231,1765.9209466168,1537.5739124633,1362.2258135756,1159.2398508554
382,5608.0945901322,2158.2403182334,1154.4240919776,419.2957389265,429.1603108208,901.8959321692,851.1327459442,642.9528526811,605.1398202395,634.969324795,563.4815703109,577.8762451244
383,60556.3706085625,30515.860450733,11258.3657848319,8118.4682374425,6311.3590929032,3406.466158161,2786.729526062,2465.472658281,2287.8836135228,1943.4436212612,1721.3931586646,1420.6587275014
384,46690.8041276733,23668.6061873627,9140.9622081449,6505.013223404,5078.6729671734,2881.6030784058,2381.1017354599,2083.5415196948,1935.2442342728,1669.2369562228,1478.7387359454,1244.0434325204
385,4080.8735813162,2626.4779052196,2634.0214736574,1546.7443937383,1290.5356216705,1268.6592866363,1134.5769714662,909.838352855,851.5568509653,826.5792134799,733.0434112661,701.2913233342
386,73788.7427755269,37050.4233811137,13279.0745811874,9658.2421262221,7487.7525423302,3907.3604863944,3173.8336443041,2829.9622718059,2624.4191249564,2205.1281797285,1952.9663607984,1589.2085892606
387,4775.9001648916,1747.2764507249,1281.5080776865,516.1333452306,503.1446318594,933.397575437,875.4780322711,665.8758947938,626.304806606,651.4268751103,578.0453934424,588.4764801814
388,3715.6616320592,2446.1247202249,2578.250143386,1504.2468115784,1258.0672978252,1254.8346608112,1123.8929423439,899.7784814609,842.2685095724,819.3567497764,726.6520175326,696.6393665435
389,34179.5736392656,17490.1657738511,7230.3785892626,5049.1543812042,3966.3909511356,2408.0066353954,2015.0941303814,1738.9159674581,1617.0493333168,1421.8137591625,1259.7858777369,1084.6792502975
390,3277.1889238648,1007.1655472991,1510.3755059697,690.5296217739,636.3840891752,990.1293504217,919.3218182633,707.1583401585,664.4211433917,681.065520731,604.273597787,607.5666001769
391,9962.0614348665,5530.7940512211,3532.1346674775,2231.1038855695,1813.3890283362,1491.2840437054,1306.6271533639,1071.8374155144,1001.1315861041,942.8861029251,835.9671717539,776.2040742143
392,19869.9965073232,10423.6450400055,5045.1703727924,3384.0324401624,2694.2310851886,1866.336106909,1596.4771078111,1344.7544238802,1253.117545597,1138.8263003472,1009.3610441686,902.4082850473
393,23013.931151869,11976.2191759627,5525.2790268749,3749.8737581527,2973.7353248368,1985.3456852309,1688.4507942394,1431.3550355528,1333.076425242,1201.0010290298,1064.381489766,942.4547516243
394,32821.8987187418,16819.7030559635,7023.0487454616,4891.1696778044,3845.6900017667,2356.6136078494,1975.3762667711,1701.518409346,1582.5199369264,1394.964260249,1236.0258802976,1067.3856073073
395,9979.1567464427,5539.2362555287,3534.7452837784,2233.0931671627,1814.9088474813,1491.931164607,1307.1272651677,1072.308310939,1001.5663667581,943.2241813138,836.2663483485,776.4218290028
396,18911.590602087,9950.3539610068,4898.8126964246,3272.5083408464,2609.0262243681,1830.0568913594,1568.4395898073,1318.3548491409,1228.7426551836,1119.8727806775,992.5884563349,890.2004072157
397,5223.5168582304,1968.3236986714,1213.1527610273,464.0468041412,463.3503047914,916.4536246406,862.3833079693,653.5461602984,614.920686592,642.5747679234,570.2118750304,582.7748772616
398,3683.469688041,1207.7998090486,1448.3325779443,643.2531014116,600.2646373056,974.750117743,907.4363486747,695.9672160842,654.0883094121,673.0308765232,597.1634790314,602.3915215309
399,4927.9549479339,1822.3659007584,1258.2878694166,498.4396179353,489.6265529792,927.6417383546,871.0297722032,661.6875007246,622.4376364923,648.4198263165,575.3843578727,586.5396534101
400,5341.6481323638,2026.6606495318,1195.1129944795,450.3005575073,452.8481170272,911.9819180975,858.9274572621,650.2921993373,611.9162843385,640.2385934323,568.1445180155,581.2701576487
401,20869.5380060394,10917.2501731195,5197.8098446341,3500.3432483119,2783.093010827,1904.1724571282,1625.7180198429,1372.2870907348,1278.5386269591,1158.59332114,1026.8535256831,915.1401353388
402,6793.6190584909,3966.1172239322,3048.2834501824,1862.4107459202,1531.7059854605,1371.3467569033,1213.9365097792,984.5617311043,920.5494076309,880.2267071773,780.5178284603,735.8454357334
403,5608.0945901322,2158.2403182334,1154.4240919776,419.2957389265,429.1603108208,901.8959321692,851.1327459442,642.9528526811,605.1398202395,634.969324795,563.4815703109,577.8762451244
404,115129.146101674,57465.6190613307,19592.1464621752,14468.7834857027,11163.0255059308,5472.2479677672,4383.2192461761,3968.6959350665,3675.8189496205,3022.6796402499,2676.4443173543,2115.789853585
405,4267.7153168671,1496.3187367352,1359.1127263179,575.2678488395,548.3236306641,952.6342553654,890.3446370655,679.8739970629,639.2293408902,661.4767834636,586.9388851798,594.9495815121
406,16829.0344035992,8921.9219940578,4580.7866028346,3030.1734355182,2423.881381172,1751.2244208932,1507.5158135763,1260.9902213665,1175.7775400475,1078.6879657094,956.1426700902,863.6734508294
407,27612.8370800886,14247.3040441679,6227.5756026896,4285.0215892352,3382.5904220351,2159.4313190431,1822.9886837243,1558.0332624998,1450.0392146089,1291.9493980807,1144.864668343,1001.0341921558
408,12956.2117674387,7009.3999674044,3989.3698357676,2579.5156777262,2079.5770400845,1604.6237306897,1394.2190008233,1154.3121739164,1077.281039941,1002.0986838499,888.366316173,814.3426345777
409,561.1045186479,334.1226394423,1925.1473684909,1006.5845055169,877.8512926419,1092.9432114898,998.779034663,781.9736901703,733.4986181539,734.7790453637,651.8064479099,642.1632428082
410,3169.8804542794,2176.6007522305,2494.9041784367,1440.7374425908,1209.5458842601,1234.1748204623,1107.9264822934,884.7447771448,828.3877975219,808.5633330915,717.1005710189,689.6873747989
411,9476.8484117725,5291.1805492698,3458.0380345003,2174.6424791014,1770.2522865078,1472.9169324886,1292.4325738059,1058.4720789721,988.7912883237,933.2904874066,827.4756985654,770.0235808806
412,5606.8257974762,2157.6137483824,1154.6178486561,419.4433809197,429.273109898,901.9439606736,851.1698636171,642.9878019509,605.1720891161,634.9944165504,563.5037748237,577.8924066127
413,34717.4749468658,17755.7984132975,7312.5212232608,5111.7468157074,4014.2118230635,2428.3681934536,2030.8300701473,1753.7326184144,1630.7296386597,1432.45134284,1269.1994225391,1091.5308706942
414,17659.0919148928,9331.8305860278,4707.5442615059,3126.7623816232,2497.6757248174,1782.6451740483,1531.7985859277,1283.8544015511,1196.8881788322,1095.1032562261,970.6690961474,874.2464665378
415,4310.5918306204,2739.9200256039,2669.1016302004,1573.4753651463,1310.9581914324,1277.3549737524,1141.2972238305,916.1660101225,857.3992160031,831.1221418289,737.0635967558,704.217403305
416,405.6487066939,811.5358885131,2072.7797598493,1119.0799337358,963.7982526544,1129.5384040422,1027.0607478835,808.6031943161,758.0858038085,753.8976423717,668.7251180652,654.4774462202
417,4748.5209549454,1733.7557328884,1285.6891428559,519.3193040321,505.5787172089,934.4339800061,876.278992582,666.6300632472,627.0011349971,651.9683287798,578.5245434572,588.8252280849
418,96503.4034681268,48267.6396039622,16747.8188160539,12301.4145661777,9507.1469266146,4767.1945785064,3838.3357145019,3455.6443333993,3202.1152369437,2654.3353119854,2350.4844056054,1878.5409078605
419,5608.0945901322,2158.2403182334,1154.4240919776,419.2957389265,429.1603108208,901.8959321692,851.1327459442,642.9528526811,605.1398202395,634.969324795,563.4815703109,577.8762451244
420,25573.5533890279,13240.2414068726,5916.1576316111,4047.7220529397,3201.29262105,2082.2368733592,1763.3308154968,1501.8605887688,1398.1746380031,1251.6203440342,1109.1761728533,975.0584275779
421,5608.0945901322,2158.2403182334,1154.4240919776,419.2957389265,429.1603108208,901.8959321692,851.1327459442,642.9528526811,605.1398202395,634.969324795,563.4815703109,577.8762451244
422,12607.9615726361,6837.4230319963,3936.1887263572,2538.9918358969,2048.6166617972,1591.4411701342,1384.0311763814,1144.7195190763,1068.4240824782,995.2116572977,882.2717617169,809.9067313662
423,2464.4270598298,605.7980917185,1634.4919551804,785.105974392,708.6408032949,1020.895399227,943.0986181256,729.5461066127,685.0919064368,697.1387710028,618.497341274,617.9193092828
424,84267.6345432016,42225.23080283,14879.3007918635,10877.6095777737,8419.3541839105,4304.0253765872,3480.3865515754,3118.6064515779,2890.9260789473,2412.3596670878,2136.3522640088,1722.6854697885
425,5608.0945901322,2158.2403182334,1154.4240919776,419.2957389265,429.1603108208,901.8959321692,851.1327459442,642.9528526811,605.1398202395,634.969324795,563.4815703109,577.8762451244
426,4615.9034108001,2890.6925181612,2715.7256056988,1609.002691099,1338.1012114764,1288.9121486056,1150.2289080776,924.5759080955,865.1641267452,837.1600105531,742.4067037497,708.1063677313
427,25577.8272169219,13242.3519579495,5916.8102856864,4048.219373338,3201.6725758363,2082.3986535846,1763.4558434478,1501.9783126249,1398.2833331666,1251.7048636314,1109.250967002,975.112866275
428,1746.757866437,251.3903975993,1744.0868512175,868.6169481482,772.4435234202,1048.0618380169,964.093546079,749.3145172679,703.344202094,711.3314602371,631.0569149536,627.0607573776
429,20723.0258435472,10844.8978440139,5175.436047118,3483.2944834081,2770.0676858102,1898.6264287757,1621.4319053989,1368.2513697915,1274.8124208856,1155.6958836988,1024.2894887749,913.2739087528
430,43474.2811874898,22080.1856604585,8649.7686325036,6130.725229274,4792.7154329521,2759.8457640678,2287.0045274269,1994.9414419031,1853.4392352104,1605.6267150067,1422.4479584796,1203.0723586969
431,42508.0621906348,21603.0362302723,8502.2178229046,6018.2919661049,4706.8159672879,2723.2707940436,2258.7384427002,1968.3266532393,1828.8656364512,1586.5186829483,1405.5386375928,1190.7649601221
432,5259.381623095,3208.4623646795,2813.9908348989,1683.8804935662,1395.3081539839,1313.2701837948,1169.0534289447,942.3007061855,881.5295422987,849.885492405,753.6678977551,716.3027940681
433,50510.5378079625,25554.9112123574,9724.2717878713,6949.4933293736,5418.2575574002,3026.1941548717,2492.8454666345,2188.7572161194,2032.3905366452,1744.776346211,1545.5860062974,1292.6980180812
434,1393.9046286274,1299.5678476896,2223.6958170236,1234.0775052086,1051.6568601853,1166.9475533538,1055.9715079824,835.8249966131,783.2198620045,773.4414786031,686.0200962809,667.0655443271
435,27612.8370800886,14247.3040441679,6227.5756026896,4285.0215892352,3382.5904220351,2159.4313190431,1822.9886837243,1558.0332624998,1450.0392146089,1291.9493980807,1144.864668343,1001.0341921558
436,3656.3575923383,1194.4110006544,1452.4728522339,646.4079776883,602.674975481,975.776411048,908.2294947386,696.7140267966,654.7778443555,673.5670477178,597.6379544119,602.7368670158
437,23684.9889097925,12307.6086723992,5627.7559144041,3827.9608313151,3033.3941630744,2010.7477084373,1708.0821361026,1449.8395204019,1350.1432642725,1214.2719264073,1076.125339762,951.0024776785
438,10141.89609922,5619.6020832545,3559.5971272363,2252.0301954537,1829.3768133271,1498.091452253,1311.8880951131,1076.7910146485,1005.7052747805,946.4425291006,839.1143692898,778.494752517
439,42369.6302340048,21534.6741617965,8481.0779494995,6002.1834475791,4694.5089942889,2718.0306314297,2254.688709226,1964.5135039616,1825.3449321711,1583.7810403706,1403.1160083719,1189.0016566978
440,5607.8942544497,2158.1413861517,1154.4546851373,419.3190508202,429.1781212014,901.9035156173,851.1386066294,642.9583709869,605.1449153253,634.9732866511,563.4850762866,577.8787969384
441,23061.8781585551,11999.8969208568,5532.6009897812,3755.453071371,2977.9979425953,1987.1606571348,1689.8534515643,1432.6757500638,1334.2958491075,1201.9492332608,1065.2205866212,943.0654857577
442,3765.8076535619,1248.4608946398,1435.7587892764,633.6719131134,592.9445708764,971.6333205877,905.0276070569,693.6991924183,651.9942291529,671.4025536586,595.7225230114,601.3427260065
443,3348.4416482856,1042.3523910346,1499.4945388094,682.2383582587,630.0495304728,987.4321707261,917.2373678933,705.1956627444,662.6089912129,679.6564205716,603.0266390901,606.6590050231
444,2859.6225829059,800.9581116122,1574.1418486625,739.1193788128,673.5068591522,1005.9357840081,931.5374397848,718.6603287903,675.0410005375,689.3233495002,611.5812198414,612.8854310075
445,507.8866833464,862.0242275562,2088.3924690549,1130.9767701386,972.8874835571,1133.4084903721,1030.051650898,811.4193696872,760.6859959227,755.9195096107,670.5143343398,655.7797219281
446,30368.7215075686,15608.2467378131,6648.4253062863,4605.7077691873,3627.595954449,2263.7517584604,1903.6102229174,1633.944915922,1520.128913081,1346.4500114622,1193.0940389751,1036.1377951542
447,40937.363661018,20827.3757321447,8262.3572525419,5835.5189491029,4567.1766465409,2663.814033387,2212.788717159,1925.0612966728,1788.9184655053,1555.4564103624,1378.050619307,1170.7578883218
448,5608.0945901322,2158.2403182334,1154.4240919776,419.2957389265,429.1603108208,901.8959321692,851.1327459442,642.9528526811,605.1398202395,634.969324795,563.4815703109,577.8762451244
449,4213.0236755357,1469.3102784228,1367.4646589367,581.6319958113,553.1858645696,954.7045366875,891.9446041255,681.3804945344,640.6202993105,662.5583701839,587.8960165508,595.6462267145
450,23109.1573796328,12023.2448921452,5539.8209754883,3760.9546782771,2982.2011924184,1988.9503508785,1691.2365732718,1433.9780702224,1335.4982893536,1202.8842313047,1066.0479968906,943.6677138447
451,5425.9226761492,2068.2780785798,1182.2434719337,440.4940209035,445.3558835855,908.7918142776,856.4620623541,647.9708320491,609.7729515834,638.5719726252,566.6696708969,580.1966945897
452,28236.9495097386,14555.5104561189,6322.8834931113,4357.6459086476,3438.0756944173,2183.0562875859,1841.2466716886,1575.2246243667,1465.9121052028,1304.2919005078,1155.7869513624,1008.9839431462
453,6498.0571481944,3820.1594260191,3003.1483417931,1828.0179321261,1505.4297372726,1360.1586431893,1205.2900455453,976.4203906781,913.0324577306,874.3816487842,775.3453456181,732.080659585
454,80733.7798818864,40480.1018584647,14339.6476511372,10466.3955440708,8105.1850068089,4170.2558805121,3377.0060181833,3021.2653774678,2801.0504639954,2342.4738457803,2074.5080210061,1677.672322703
455,5042.2177432296,3101.2199880836,2780.8278497019,1658.6104008282,1376.0017014066,1305.0497260909,1162.7004461863,936.3188627454,876.0064693036,845.5908403728,749.8674200771,713.5366277701
456,4228.5163016515,1476.9610260766,1365.0987879141,579.8292093675,551.8085284694,954.1180833704,891.4913778032,680.9537455559,640.2262793428,662.2519866441,587.6248877619,595.4488864374
457,11931.16085848,6503.1974825501,3832.8348349144,2460.2364884493,1988.4472593156,1565.8217547499,1364.2318282091,1126.0768427954,1051.2111843219,981.8271867115,870.4274070837,801.2858533127
458,31636.0450352702,16234.0910868402,6841.9576350284,4753.178808542,3740.2644221644,2311.7246509284,1940.6849175018,1668.8537181378,1552.3604257808,1371.5127132663,1215.2728413656,1052.2805700628
459,14799.1664896175,7919.5091646038,4270.8065102657,2793.9695582253,2243.4206680754,1674.3863972684,1448.1333975533,1205.076908006,1124.1524324738,1038.5451189005,920.6189554592,837.8176215061
460,12358.4100907613,6714.1866355207,3898.0798469964,2509.9529870157,2026.4308643553,1581.9947216595,1376.7307161821,1137.8455495389,1062.0773039474,990.276505193,877.9044846312,806.7280218165
461,5606.0912333069,2157.2509974161,1154.7300235753,419.5288578632,429.3384146269,901.9717666499,851.1913527962,643.0080357387,605.1907710974,635.0089433562,563.516630068,577.9017632637
462,22998.7056399965,11968.7003377512,5522.9539467319,3748.1020542338,2972.3817359108,1984.7693431779,1688.0053821641,1430.9356443153,1332.6891987221,1200.6999279649,1064.1150356115,942.2608137658
463,62627.9751230718,31538.8841305474,11574.7194523542,8359.52875925,6495.5303019595,3484.8840667996,2847.3329181687,2522.535618674,2340.5701973024,1984.4118547614,1757.6472849034,1447.0461847264
464,3473.1839999426,1103.9541005921,1480.445197989,667.7228191336,618.9596001487,982.7102103967,913.5881145745,701.7595976933,659.4364511284,677.1895048286,600.8435848765,605.0700755506
465,7597.8332667378,4363.263577359,3171.0945912426,1955.9924577418,1603.2027900077,1401.7892452578,1237.4632537396,1006.7140498463,941.002780349,896.1309182547,794.59198365,746.0892674451
466,17659.0919148928,9331.8305860278,4707.5442615059,3126.7623816232,2497.6757248174,1782.6451740483,1531.7985859277,1283.8544015511,1196.8881788322,1095.1032562261,970.6690961474,874.2464665378
467,30169.8549533745,15510.0401580153,6618.0564963487,4582.5668294045,3609.9161833005,2256.2239223465,1897.792516074,1628.467077741,1515.0711912547,1342.5172089555,1189.6137737459,1033.6046945283
468,2859.6225829059,800.9581116122,1574.1418486625,739.1193788128,673.5068591522,1005.9357840081,931.5374397848,718.6603287903,675.0410005375,689.3233495002,611.5812198414,612.8854310075
469,116876.006474798,58328.27383666,19858.9086177008,14672.0554278716,11318.3260880243,5538.3731070901,4434.3224675712,4016.8137218283,3720.2463993366,3057.2257049825,2707.0152569546,2138.0408204326
470,5254.5688890229,1983.6581713397,1208.410821262,460.4334606224,460.5896957974,915.2781901904,861.474901763,652.6908229062,614.1309482947,641.9606802251,569.6684487941,582.3793461027
471,12956.2117674387,7009.3999674044,3989.3698357676,2579.5156777262,2079.5770400845,1604.6237306897,1394.2190008233,1154.3121739164,1077.281039941,1002.0986838499,888.366316173,814.3426345777
472,165520.381671843,82350.4013073284,27287.3663132369,20332.5173480258,15642.9417813566,7379.7429936995,5857.3808376417,5356.7374552312,4957.4062584113,4019.2211571008,3558.3164135457,2757.6578181538
473,5943.2608647006,3546.1835143468,2918.4256846538,1763.4595279234,1456.1068565802,1339.1575476775,1189.0598546607,961.138362603,898.9224668196,863.409948574,765.636130197,725.0138362137
474,4980.8482458138,3070.9137937135,2771.4561450905,1651.469190734,1370.5457881476,1302.7266631665,1160.9051229529,934.6284217486,874.4456746904,844.3771917819,748.7934228489,712.7549221035
475,46931.6076180775,23787.5225496027,9177.7351861955,6533.034119595,5100.0810446621,2890.7183829816,2388.1462790721,2090.1745232142,1941.3685273909,1673.9991072769,1482.9529187582,1247.1107128619
476,4502.5134144866,2834.6969599017,2698.4098772657,1595.8081592819,1328.0205360533,1284.619917,1146.9117602535,921.4525470373,862.2803081887,834.9175999902,740.4223214934,706.662041048
477,118357.088175762,59059.6787168935,20085.0838479238,14844.4002577719,11449.9982318467,5594.437538645,4477.6505132656,4057.6105562864,3757.9143685729,3086.5157072648,2732.934935436,2156.9063808024
478,28763.4984619953,14815.5369442672,6403.2925147222,4418.9173358429,3484.8873114442,2202.9881169204,1856.6505059598,1589.7285713301,1479.3036890176,1314.7049790053,1165.0018242072,1015.6909607536
479,91902.3606259602,45995.4994602185,16045.1959132016,11766.0180748961,9098.1018520232,4593.0280545815,3703.7353110416,3328.9072445242,3085.0980999951,2563.344683136,2269.9638299541,1819.9342479805
480,1659.8789587787,208.4868514888,1757.3540848403,878.7265393696,780.1672918098,1051.3505266617,966.6351298947,751.707622531,705.5537709644,713.0495851737,632.5773397565,628.1673940177
481,5494.6378152579,2102.2117826134,1171.7500181306,432.4980413748,439.2469230375,906.1906915908,854.45184733,646.0780531746,608.0253371579,637.2130559767,565.4671212257,579.3214224123
482,60285.9842157043,30382.3351177574,11217.0752168544,8087.0049516196,6287.3210158783,3396.2310310874,2778.8195546018,2458.0247849449,2281.0069460699,1938.0964361203,1716.6612601042,1417.2146293032
483,2533.5428703036,639.9296599155,1623.9373150577,777.0633710759,702.4962219858,1018.2791096441,941.0766817311,727.6422911267,683.3341018396,695.771930642,617.2877796513,617.0389334777
484,16891.6726936711,8952.8547582788,4590.3520641245,3037.4622876057,2429.4500935082,1753.5955123219,1509.3482544826,1262.715611633,1177.3706035374,1079.9267060558,957.2388718312,864.4713179842
485,44409.8488249173,22542.1984821399,8792.6386886569,6239.5917727116,4875.8899103835,2795.2604665378,2314.3739273177,2020.7119297861,1877.2332858439,1624.1285830789,1438.8208650816,1214.9893297407
486,3326.0040518419,1031.2719978808,1502.9209727043,684.8492903497,632.0442931008,988.2815169095,917.8937646358,705.8137129891,663.1796408212,680.1001484569,603.4193083705,606.9448081831
487,5540.2475723145,2124.7353198873,1164.7849754217,427.1907002493,435.1920930528,904.4641932477,853.1175646658,644.8217188974,606.8653559599,636.3110734004,564.6689274206,578.7404594414
488,5608.0945901322,2158.2403182334,1154.4240919776,419.2957389265,429.1603108208,901.8959321692,851.1327459442,642.9528526811,605.1398202395,634.969324795,563.4815703109,577.8762451244
489,40723.4051520731,20721.7162688565,8229.6837579013,5810.6218466636,4548.1551600534,2655.7149108521,2206.5295053638,1919.1677461248,1783.4769138829,1551.2251480281,1374.3062372405,1168.0325510467
490,38780.8168171148,19762.4048496765,7933.0320852747,5584.5741843794,4375.4538361076,2582.1807427683,2149.7003945269,1865.658574639,1734.0715653512,1512.808349868,1340.3099593639,1143.2884619914
491,34936.9760763607,17864.1949975135,7346.0411286552,5137.2888805382,4033.7260634145,2436.6771247184,2037.2514275664,1759.7788420883,1636.3121543222,1436.7922165269,1273.0408032672,1094.3268081546
492,20546.2629929926,10757.606770567,5148.4426824757,3462.7256225602,2754.3529933219,1891.9352997651,1616.2608274895,1363.382384679,1270.316856858,1152.2002059838,1021.1960495332,911.0223582637
493,5137.1721790588,1925.6839714456,1226.3384128907,474.0942303128,471.0265788327,919.7220907573,864.9092632911,655.9245500795,617.1166685669,644.2823279104,571.7229505647,583.8747090646
494,4055.6312853171,2614.0124629215,2630.1667355257,1543.807095136,1288.2915137141,1267.7037721799,1133.8385251308,909.1430463297,850.9148701559,826.080019609,732.6016583257,700.9697947793
495,33032.9857495704,16923.9444927469,7055.2837381454,4915.7326431011,3864.4562061322,2364.6040342954,1981.5514754117,1707.3328641782,1587.8884589858,1399.1387359789,1239.7200100456,1070.0743685828
496,3600.5307154725,1166.8419272121,1460.9981460915,652.9042253909,607.6381348766,977.8896652425,909.8626723481,698.2517946674,656.1976749287,674.6710849561,598.6149529786,603.4479724971
497,59686.2459607623,30086.1654424168,11125.4894942054,8017.2169126036,6234.0026731365,3373.5287153926,2761.2746166703,2441.5048169451,2265.7539575802,1926.2359595209,1706.1655374638,1409.5753490074
498,24463.8940434795,12692.2566061674,5746.7021196126,3918.5974739031,3102.6409228717,2040.2321545195,1730.8684801659,1471.2946931833,1369.9529578192,1229.6756229951,1089.7565733526,960.9239302306
499,26962.3471189051,13926.0715747889,6128.2396128973,4209.3278704895,3324.7601162065,2134.8078631715,1803.9590388751,1540.1153237084,1433.4954710528,1279.0852512647,1133.4807651874,992.7484523315
500,42369.6302340048,21534.6741617965,8481.0779494995,6002.1834475791,4694.5089942889,2718.0306314297,2254.688709226,1964.5135039616,1825.3449321711,1583.7810403706,1403.1160083719,1189.0016566978
501,165520.381671843,82350.4013073284,27287.3663132369,20332.5173480258,15642.9417813566,7379.7429936995,5857.3808376417,5356.7374552312,4957.4062584113,4019.2211571008,3558.3164135457,2757.6578181538
502,2492.5408339452,619.6815605213,1630.1987150918,781.834538647,706.1414132165,1019.8311886817,942.2761686357,728.7717043716,684.3768960644,696.5827905275,618.0053360149,617.5612047283
503,5608.0945901322,2158.2403182334,1154.4240919776,419.2957389265,429.1603108208,901.8959321692,851.1327459442,642.9528526811,605.1398202395,634.969324795,563.4815703109,577.8762451244
504,5608.0945901322,2158.2403182334,1154.4240919776,419.2957389265,429.1603108208,901.8959321692,851.1327459442,642.9528526811,605.1398202395,634.969324795,563.4815703109,577.8762451244
505,5480.4186594894,3317.6174281888,2847.7452878516,1709.6012829151,1414.9589405862,1321.6372548281,1175.5197182836,948.3892368702,887.1511202856,854.2567403221,757.5361576304,719.1182954353
506,40723.4051520731,20721.7162688565,8229.6837579013,5810.6218466636,4548.1551600534,2655.7149108521,2206.5295053638,1919.1677461248,1783.4769138829,1551.2251480281,1374.3062372405,1168.0325510467
507,69124.8613076058,34747.2515410673,12566.8556238854,9115.5334709595,7073.1209450219,3730.8152875927,3037.3949392522,2701.4942743585,2505.803829432,2112.8948486767,1871.3460774304,1529.8015104118
508,46187.6276717121,23420.1217754162,9064.1223885079,6446.4615171369,5033.9392278839,2862.555984679,2366.3816477955,2069.6813750696,1922.4470771334,1659.2860942724,1469.932893601,1237.6341265379
509,8832.5020781866,4972.981997064,3359.6402349412,2099.6636584283,1712.9681656843,1448.526035691,1273.5826566363,1040.7233682238,972.4037940651,920.5478375116,816.1993119986,761.8160966835
510,3765.8076535619,1248.4608946398,1435.7587892764,633.6719131134,592.9445708764,971.6333205877,905.0276070569,693.6991924183,651.9942291529,671.4025536586,595.7225230114,601.3427260065
511,4808.6216597052,1763.4353574076,1276.5111949231,512.3257359312,500.235603027,932.1589455861,874.5207870215,664.9745715202,625.4726092605,650.7797719443,577.4727507419,588.0596839065
512,14085.2368956319,7566.9482026769,4161.7826865444,2710.8937398176,2179.9504083881,1647.3615161758,1427.247869057,1185.411505725,1105.9952450846,1024.4263843137,908.1248266597,828.7238072713
513,48085.7414851481,24357.4702724521,9353.9823796642,6667.3339390264,5202.686647335,2934.4066272921,2421.9096865177,2121.9654826776,1970.72131662,1696.8233603742,1503.1508448682,1261.8117129012
514,29613.5895415422,15235.3387444103,6533.1094893711,4517.8374713148,3560.4626931503,2235.1672148821,1881.5193468313,1613.1445820904,1500.9238363813,1331.5164551337,1179.8788478363,1026.5191578548
515,748.9526103027,241.3573241397,1896.4611823411,984.7257198859,861.1510924267,1085.8324650196,993.2836655058,776.7993588059,728.7211260459,731.0641449435,648.5190113452,639.7704919484
516,51761.0999168922,26172.4782438797,9915.2444889122,7095.0139402913,5529.4358899383,3073.5325655181,2529.4298172238,2223.204320087,2064.1957605006,1769.5075727199,1567.4714753862,1308.6272912245
517,4950.9267728643,1833.7101127968,1254.7798537623,495.7665207945,487.584296003,926.772169643,870.3577469667,661.0547349978,621.8533999886,647.9655334816,574.9823393237,586.247045413
518,29020.9965926106,14942.6976466515,6442.6149227541,4448.8808898397,3507.7795873168,2212.7353755018,1864.1834400054,1596.8214336625,1485.8525726181,1319.7972847359,1169.5081716631,1018.9708922558
519,4129.7508101629,1428.1875097835,1380.1812156836,591.3219729467,560.5890461083,957.8567232671,894.3806956075,683.6742702939,642.7381566367,664.2051817104,589.3533337908,596.7069307039
