"id","Outcome_M1","Outcome_M2","Outcome_M3","Outcome_M4","Outcome_M5","Outcome_M6","Outcome_M7","Outcome_M8","Outcome_M9","Outcome_M10","Outcome_M11","Outcome_M12"
1,11330.4333333333,6106.16666666666,3799.56666666667,2373.08233333333,3010.09083333333,1646.92426666667,2017.02286666667,1310.83903333333,1520.94546666667,1144.0631,1296.9112,1111.76256666667
2,9992.2,6769.72483333333,4467.0486,2129.93393333333,1838.91396666667,1645.9103,1535.90183333333,1330.40306666667,1516.65696666667,1254.2367,1188.09506666667,1085.9257
3,7309.26666666667,5386.11226666667,1896.25536666667,1477.418,1079.17633333333,1235.59893333333,1144.9864,880.104766666667,907.616633333333,781.493766666667,829.1073,700.503233333333
4,16321.2666666667,8732.41666666667,6066.88333333334,3762.13333333333,4295.8639,3174.95796666667,1889.97143333333,1863.99576666667,1407.45873333333,1580.81316666667,966.997466666667,1002.41256666667
5,5568.86666666666,2462.498,1643.2976,1209.88213333333,1075.70356666667,850.3288,884.792933333333,719.3785,640.5268,643.120166666667,680.5269,638.130366666667
6,12866.8666666667,4548.13176666667,2130.1495,1917.63133333333,1328.63836666667,1131.30733333333,1294.52416666667,915.030233333333,981.275866666667,948.546766666667,994.247433333333,773.965033333333
7,14269.1,7456.316,6317.1806,2752.9651,2434.75246666667,1958.13106666667,2026.938,1538.25943333333,1389.36466666667,1200.31546666667,1026.84546666667,916.955533333333
8,4583.5,3009.54383333333,1497.57943333333,1073.27893333333,730.061166666667,772.936,722.3526,591.5888,577.624,621.926033333333,719.5227,590.828733333333
9,12624.3333333333,7546.4496,3807.3955,2337.96426666667,1839.74916666667,1503.09756666667,1549.90096666667,1316.7511,1015.00623333333,1086.86946666667,1139.708,921.694633333333
10,8304.73333333333,5011.01666666667,3010.23133333333,2241.68333333333,1612.04783333333,1459.7986,1427.0269,1252.27966666667,1063.3929,1277.01066666667,862.113866666667,948.014533333333
11,250159.033333333,114590.016666667,37217.9,28698.7662666667,17390.7300666667,9363.08486666667,5925.56463333333,5771.20023333333,4685.6476,3413.37176666667,2516.63096666667,1671.24136666667
12,10800.4666666667,6930.86666666667,2331.0955,2231.01286666667,1783.21633333333,1348.03523333333,1342.07863333333,1440.96306666667,1100.27436666667,924.305766666667,1059.70533333333,892.328833333333
13,50897.3,22106.5653333333,15129.116,6698.17926666667,3507.16423333333,1909.94516666667,1569.1794,1278.6984,1393.94486666667,1056.1002,890.7962,675.174766666667
14,6588.23333333333,4113.83293333333,3840.08333333333,2285.91666666667,2032.68103333333,1730.91506666667,1150.36226666667,1228.62743333333,1334.51176666667,1008.6959,822.4129,801.612766666667
15,3558.5,1756.56226666667,1116.48203333333,874.128533333333,778.144033333333,785.103066666667,829.6982,693.190933333333,623.042733333333,614.0417,640.685866666667,606.429333333333
16,5017.2,2768.18333333333,1791.2465,1274.2945,983.760333333333,886.871833333333,782.404166666667,649.823,780.1578,666.3621,713.1476,636.576333333333
17,9046.6,5012.61626666667,4599.56626666667,2901.38233333333,3039.7991,2576.96006666667,1323.4623,982.0292,1105.99233333333,983.713333333333,667.432933333333,628.964666666667
18,10075.7666666667,4426.91016666667,3510.495,1948.4906,1679.78863333333,1347.33586666667,1270.43603333333,1167.63603333333,1216.65223333333,1083.84366666667,837.432666666667,957.721966666667
19,16990.0333333333,5665.69733333334,5816.264,4172.4,4437.5109,3243.87386666667,2127.72103333333,1542.0618,1416.8928,1221.55883333333,891.016166666667,780.377533333333
20,8239.3,4609.14613333333,4366.68033333333,2874.13333333333,2734.61576666667,2290.70333333333,1118.7748,926.111533333333,924.659766666667,895.8611,602.666266666667,555.3476
21,3687.7,3370.97523333333,1905.8465,1620.03083333333,1350.22233333333,1132.7408,1022.19603333333,873.177366666667,714.7091,616.675233333333,620.786166666667,585.2454
22,4232,1991.66413333333,1298.1,1309.9475,927.814,856.513133333333,874.694866666667,633.2486,632.8492,652.679766666667,576.5488,574.4915
23,15021.4,8996.78333333333,4875.58333333333,2932.4996,2025.98526666667,1735.20536666667,1633.59283333333,1387.31753333333,1108.64173333333,1289.0813,1224.61743333333,907.466166666666
24,6229.3,4029.646,1815.03033333333,1563.92633333333,1343.08813333333,1131.01866666667,1189.96386666667,979.0951,836.359433333333,830.2775,884.165666666667,835.977933333333
25,119247.066666667,55586.9,29973.8166666667,16284.8820333333,11407.5980666667,4161.10733333333,2658.7154,2630.9563,2482.14626666667,1919.36616666667,1615.0958,1157.45936666667
26,4794.46666666667,3347.35483333333,1790.2224,1618.5621,1284.85556666667,922.6415,906.4462,680.6938,735.297033333333,645.492433333333,644.091433333333,468.329166666667
27,16675.3,6087.7651,5463.19883333333,5701.25,5529.1633,3196.49346666667,2147.79296666667,1575.69603333333,1443.53916666667,1222.60266666667,929.379733333333,781.679466666667
28,13442.2333333333,6259.33333333333,3426.4,2357.03233333333,1820.32983333333,1522.27753333333,1774.24793333333,1225.57586666667,1019.81076666667,1150.99546666667,1108.259,927.390266666666
29,58695.1,28973.2833333333,15210.75,11144.3166666667,8852.7599,4190.63806666667,3450.89803333333,2728.2294,3202.86866666667,3147.76843333333,2359.53496666667,2000.89053333333
30,17823.5,8066.832,3763.01526666667,2530.82633333333,2351.69303333333,1921.63666666667,1411.2528,1330.4387,1567.80666666667,1579.98986666667,1321.4456,1359.89213333333
31,43793.0666666667,25434.5333333333,12466.15,9515.366,6142.04786666667,3413.5388,2952.21363333333,2214.44186666667,2408.50406666667,2675.52753333333,2285.216,1784.0376
32,22313.4666666667,7568.78333333333,6080.86626666667,3487.01666666667,3210.81496666667,4453.62866666667,1982.44663333333,1585.66003333333,1437.476,1091.5889,948.564466666667,704.4465
33,25140.5,13531.6166666667,8374.2,3971.96666666667,2778.64096666667,2125.83466666667,2146.53526666667,1753.57363333333,1964.4633,1829.18993333333,1565.88966666667,1248.17993333333
34,5749.56666666667,3843.33333333333,3807.38133333333,2297.23133333333,2101.5425,1738.2656,1286.34203333333,1241.3642,1158.6456,994.012,798.379366666667,759.929766666667
35,11662.7333333333,6239.0488,2855.43333333333,2997.46466666667,1704.31016666667,1273.96256666667,1170.2452,1442.96316666667,1020.662,1264.66383333333,939.382933333333,989.623566666667
36,34619.2333333334,21474.95,11437.6,8155.88216666667,5889.1506,3093.3656,2652.6955,1938.34886666667,2213.0344,1921.3059,1661.58156666667,1478.93766666667
37,9126.96666666667,3024.36666666667,1569.51466666667,1346.1996,1168.90433333333,1004.51636666667,1077.7876,796.102466666667,765.825433333333,786.940366666667,813.907133333333,714.5075
38,6552.73333333334,3875.85,2365.49893333333,1480.56666666667,1241.9453,1253.5411,1153.18126666667,896.997466666667,751.926533333333,956.2155,837.4496,805.674466666667
39,9965.3,3561.2481,1371.23026666667,1132.39333333333,762.726133333333,840.0965,932.374066666667,627.5946,558.6445,569.580033333333,621.648333333333,554.0983
40,3946.23333333333,2111.56466666667,2151.4646,1523.37933333333,1228.6122,875.2219,963.626866666667,775.815766666667,689.9935,692.4947,733.498,705.698933333333
41,7192.56666666667,4541.37843333333,1912.25976666667,1624.9735,3177.8723,1147.2049,1330.97346666667,1079.34093333333,731.836333333333,748.231933333333,687.5515,813.704833333333
42,3091.26666666667,2083.14626666667,1441.19393333333,948.025333333333,824.0085,792.4221,795.348,684.477933333333,697.5905,643.5464,630.262,604.715266666667
43,19105.5666666667,11228.0833333333,6820.38066666667,4644.74833333333,2720.28983333333,1945.2382,1905.34456666667,1672.72866666667,1527.40993333333,1587.81896666667,1429.81083333333,1131.92743333333
44,6577.06666666667,2868.74783333333,2431.06666666667,1473.68133333333,2124.597,906.8891,1097.0425,675.9348,715.383133333333,742.7626,719.828666666667,578.445666666667
45,5647.63333333333,2748.98293333333,1883.81406666667,1753.43333333333,1696.87953333333,1065.52106666667,1095.07773333333,759.563666666667,880.859366666667,837.408833333333,705.9492,621.515333333333
46,47158.6,26526.0496,12598.5,6168.78026666667,5642.86593333333,3961.87956666667,1943.5,1731.0194,1515.73366666667,1498.7025,948.131133333333,799.177866666667
47,23099.3666666667,18630.6157666667,7842.3,3950.946,2641.57396666667,1905.7323,1814.72233333333,1808.92523333333,1608.68536666667,1231.12703333333,1102.59676666667,1489.26803333333
48,41910.5666666667,23429.115,9517.3985,6484.3621,4020.5303,2310.63046666667,2131.1871,2158.84693333333,2032.5822,1915.55046666667,1526.72636666667,1230.25103333333
49,25088.9333333333,11403.9666666667,4703,5131.98333333333,2495.21953333333,1755.12513333333,1812.3178,1427.2232,1379.27193333333,1665.04176666667,1500.73163333333,1234.7613
50,7028.06666666667,7102.58266666667,2206.216,2102.11466666667,1441.1236,1028.0887,884.610266666667,1151.91286666667,817.326566666667,828.191666666667,803.4488,675.991233333333
51,26778.9333333333,11351.2662666667,9120.26666666667,4697.3,5040.5246,4179.00233333333,2321.66126666667,1724.11763333333,1648.48173333333,1550.57526666667,1168.57503333333,894.601366666667
52,3077.63333333333,1915.698,1657.3983,1225.159,1043.67043333333,1118.96166666667,846.6567,710.2393,657.431166666667,602.9045,590.0801,543.1713
53,43913.0333333333,23753.55,11204.1,8212.45,5224.36726666667,2991.22123333333,3079.92033333333,2337.96916666667,2317.73133333333,2039.4289,1981.0807,1697.2825
54,24223.8,16977.5978,5106.56426666667,3557.74603333333,1579.2784,1035.7393,954.562766666667,871.361333333333,724.305,514.744233333333,370.8506,232.860266666667
55,23663.6,11921.499,3695.15,2919.27933333333,2124.56483333333,1831.45543333333,1933.158,1618.37566666667,1636.24893333333,1435.9649,1538.18963333333,1317.63923333333
56,6855.86666666667,5183.61626666667,2855.81306666667,1679.2936,1480.30586666667,1013.7839,1039.67146666667,1302.12793333333,761.195,726.0415,807.015766666667,1115.56026666667
57,5347.46666666667,3307.54666666667,2392.59793333333,2067.396,1437.9401,1101.27926666667,1079.45603333333,803.975566666667,1012.95556666667,812.522333333333,749.648266666667,732.916666666667
58,17038,8401.579,4520.4452,2869.95,1880.4176,1912.62486666667,1380.78583333333,1341.4408,1231.96923333333,1299.9921,1015.04716666667,998.9711
59,5886.4,4494.5,2080.55,1693.45,1268.6435,1095.75066666667,1019.1435,758.0549,688.428033333333,735.763466666667,793.746,655.393366666667
60,16541.6,13334.9833333333,5914.44866666667,3694.38033333333,1949.4921,1775.91673333333,1992.2233,1666.51003333333,1384.547,1577.28936666667,1431.85723333333,1086.68606666667
61,3796.33333333333,2694.36376666667,1791.9476,1188.52253333333,965.640366666667,852.328833333333,950.4425,1016.9866,631.344,642.4441,703.859833333333,592.977233333333
62,5697.46666666667,3499.16626666667,1570.53333333333,1338.16666666667,1195.3468,1201.04483333333,1254.21426666667,857.7482,723.175933333333,865.6144,768.3267,796.577266666667
63,5649.5,3105.58053333333,1610.38053333333,1256.30926666667,844.7908,876.0435,994.470033333333,730.654766666667,575.8711,631.123833333333,700.846766666667,586.5441
64,5359.16666666667,3063.21453333333,2542.64933333333,1994.66666666667,2647.03133333333,2208.84453333333,1170.54583333333,858.745766666667,890.864433333333,745.932166666667,592.099,549.3486
65,7620.53333333333,7892.55426666667,2855.22973333333,2045.10246666667,1138.76736666667,885.0943,852.2935,485.518,460.8428,361.310866666667,244.7598,266.596066666667
66,7861.06666666667,5280.3978,4623.03283333333,2850.948,2272.1464,1983.71446666667,1382.079,1315.8475,1266.0971,1086.9545,902.789233333333,878.7359
67,14546.9666666667,6521.09883333333,6794.33333333333,3385.43233333333,3611.32913333333,2817.6046,1586.1575,1215.8792,1146.22173333333,1066.79426666667,739.315466666667,601.481666666667
68,19953.1,7245.68216666667,7781.76266666667,3902.03233333333,4286.27936666667,3486.8604,1766.3083,1440.69513333333,1421.72396666667,1242.53913333333,894.464566666667,741.0637
69,10909.1666666667,4470.9496,3017.9996,1828.099,1567.5762,1197.41946666667,1137.90443333333,969.594133333333,866.560666666667,864.842,877.7108,779.363466666667
70,3062.16666666667,2857.49006666667,2228.6179,1552.10076666667,1428.10126666667,1268.76946666667,946.666966666666,843.977133333333,720.535633333333,663.403966666667,603.2926,609.0686
71,5143.3,2668.464,1524.49453333333,1247.5116,1304.41323333333,1035.07916666667,1100.13113333333,665.669433333333,681.303833333334,550.477733333333,220.2654,178.257133333333
72,4094.1,2343.26516666667,1276.11426666667,951.913666666667,704.978933333333,736.8145,767.431233333333,588.5456,538.5936,518.4651,653.215,567.048
73,15757.0333333333,6515.1317,6150.6627,6655.34643333334,3244.87516666667,3245.08913333333,1364.87953333333,1070.89316666667,854.122733333333,642.397133333333,264.1022,206.3068
74,5182.83333333333,1977.56416666667,1410.6485,1283.2976,1028.57153333333,751.6105,763.784133333333,693.657766666667,568.901666666667,619.513166666667,629.6024,608.527
75,2853.83333333333,1909.9776,1284.2463,1238.3617,946.282033333333,761.3856,682.751333333333,608.6319,595.7688,594.8286,547.885,548.988666666667
76,12660,10908.85,5164.61666666666,2885.08333333333,2507.88893333333,2075.42963333333,1801.34363333333,1654.38016666667,1551.02356666667,1259.52743333333,1116.40746666667,933.209366666666
77,7756.43333333333,3840.43243333333,2676.15,2225.06666666667,1673.62923333333,1777.1988,1352.2451,976.1932,1103.8772,819.714,734.7978,588.313666666667
78,23155.1,10019.7333333333,4756.566,3442.41666666667,2831.63026666667,2237.024,2078.3956,1741.46336666667,1870.9995,1759.42796666667,1649.18136666667,1595.57656666667
79,11907.7,4915.198,2810.08093333333,1602.9462,1551.011,1145.698,1122.96186666667,1053.0482,1187.6005,1006.76043333333,945.897733333333,950.583933333333
80,16645.2666666667,5178.21626666667,3407.98333333333,2864.95,1611.02593333333,1443.21666666667,1608.641,1274.37723333333,1225.10823333333,1304.0067,1055.84176666667,1052.59286666667
81,17975.3,12635.35,5482.25,2919.78033333333,1904.94103333333,1583.14106666667,1785.49493333333,1533.51453333333,1252.40116666667,1309.82316666667,1278.9905,993.708633333333
82,6778.76666666667,3472.25,2146.2,1899.498,1484.2986,1066.92853333333,1269.49233333333,924.114,766.6447,676.514166666667,733.132533333333,641.3316
83,17178.5666666667,6065.364,5548.948,4182.68133333333,7504.61236666667,3753.50986666667,2306.88876666667,1461.46213333333,1419.20786666667,1185.88816666667,897.316166666667,817.4992
84,13142.7666666667,4664.42583333333,1964.56286666667,1703.17203333333,1132.51576666667,1066.61066666667,1298.32473333333,962.989366666667,744.0148,339.781333333333,340.261333333333,265.551066666667
85,58955.3333333333,26620.9833333333,11187.9666666667,7038.66626666666,5645.4328,3642.99043333333,3348.87483333333,3069.7958,3048.50316666667,2956.95146666667,2753.9319,2337.1227
86,4952,3848.3,1997.06626666667,1222.55,994.1904,1163.70066666667,1090.5425,832.379133333333,639.188033333333,900.7122,921.479366666667,754.655466666667
87,46917.3333333333,25549.2,14196.8,9192.11376666667,11082.9469333333,3856.57663333333,3097.4194,2364.86396666667,2424.49813333333,2112.35746666667,1903.54493333333,1764.7179
88,10817.0333333333,4610.35,3046.91666666667,2335.35,2453.5642,2251.54483333333,1505.00636666667,1366.2123,1220.99443333333,1128.31466666667,864.0992,841.332033333333
89,6975.5,4001.9102,3018.06383333333,1503.82593333333,1236.75,1178.36946666667,1100.25846666667,768.453866666667,670.103766666667,740.633566666667,833.148766666667,664.4421
90,8957.66666666667,5269.8456,2245.364,2641.7,1451.87533333333,1057.44226666667,1094.4461,954.195866666667,714.648533333333,947.8952,777.997333333333,663.562666666667
91,3943.66666666667,1774.7,908.280933333333,1058.87893333333,2490.66266666667,841.916633333333,910.097,790.248133333333,641.408333333333,605.5651,637.861666666667,588.0483
92,18200.6666666667,7901.37586666667,6703.92603333333,3593.83283333333,3415.7743,2990.28543333333,1701.70086666667,1260.73103333333,1136.0892,1220.74076666667,830.291533333333,702.303466666667
93,17841.4,9603.68333333333,7465.03333333333,4145.26666666667,6870.2995,3555.3632,2562.38183333333,1850.02736666667,1880.17976666667,1357.50816666667,1085.24363333333,860.4444
94,29020.5,12024.5666666667,10184.6333333333,6135.33333333333,5426.31343333333,4301.90916666667,2521.90943333333,2030.84153333333,1844.28686666667,1709.4004,1227.1956,924.2616
95,4293.23333333333,3128.46546666667,1868.6,1785.16666666667,1337.6447,1043.2491,985.5968,915.513266666667,763.1136,901.192,732.25,716.683333333333
96,36304.5666666667,17680.4985,9382.90916666667,4527.9951,3230.01156666667,1995.22456666667,1896.1258,1607.3582,1466.20753333333,904.966533333333,873.2873,813.725933333333
97,13125.6333333333,7640.6,4997.15,3722.1,3753.27886666667,3154.57813333333,1937.19373333333,1600.9426,1337.3973,1186.45976666667,895.5484,776.863866666667
98,7315.5,7592.34553333333,3588.16106666667,2280.97993333333,1567.39243333333,1293.1829,1297.1242,1408.9832,966.8028,917.656933333333,929.1608,779.194933333333
99,20402.1333333333,10831.8661666667,6242.53333333333,3896.26566666667,3882.97786666667,2366.04316666667,2090.97743333333,1749.37793333333,1700.2226,1614.70583333333,1475.34176666667,1264.43773333333
100,25255.9333333333,13662.5,6701.03333333333,4369.71666666667,2572.6689,1974.70123333333,2125.47026666667,1725.6075,1540.53813333333,1478.03863333333,1324.92396666667,998.5875
101,10378.9333333333,3903.37976666667,2297.23026666667,1896.38133333333,1331.0577,1256.0703,1471.76146666667,971.427533333333,942.1135,821.074066666667,899.303633333333,814.161833333333
102,4703.33333333333,3002.2496,1637.0646,1355.72933333333,955.1972,1033.5487,952.1943,708.7986,691.713466666667,678.679766666667,643.5152,655.248433333333
103,18441.5333333333,7595.4,2507.45,1919.21666666667,1475.91216666667,1364.44833333333,1568.87933333333,1430.3937,1118.05936666667,976.325366666667,1252.56793333333,1208.52473333333
104,5157.53333333333,2557.21426666667,1559.57803333333,1277.48193333333,1140.98896666667,993.043,830.862266666667,732.276933333333,758.660933333333,802.563666666667,685.3316,677.215166666667
105,6277.56666666667,6088.4306,1829.40786666667,1566.8987,948.3147,849.021366666667,1049.1997,754.9026,647.416233333333,451.5606,171.243233333333,155.856633333333
106,48508,22561.1,10578.9078666667,5426.81566666667,3336.83276666667,3248.75053333333,2103.68106666667,2001.13773333333,1786.6382,1741.62166666667,1614.91156666667,1138.2354
107,32646.1333333333,26240.1846666667,5257.45553333333,6837.97333333334,6001.33756666667,1936.96973333333,1790.44826666667,2051.37913333333,1342.41743333333,1447.3431,1225.46943333333,1111.23963333333
108,45105.5666666667,24763.8466,9869.2475,5522.69293333333,3116.03266666667,1751.30683333333,1694.56316666667,1342.36856666667,1218.60136666667,1199.10886666667,926.619666666667,566.340933333333
109,9927.66666666667,4708.96626666666,3578.16666666667,2765.66666666667,2727.2991,2729.66446666667,1777.8972,1369.0444,1267.26376666667,917.5932,771.2483,673.397833333333
110,10778.5,5178.32953333333,2392.25716666667,1928.56646666667,1505.76416666667,1142.51896666667,1029.14446666667,877.293433333333,816.763833333333,881.788533333333,899.910566666667,773.273933333333
111,10295.4,3088.1956,2252.59733333333,2290.92833333333,959.721466666667,782.7436,1017.4884,739.539733333333,836.2564,998.1771,842.1987,828.559333333333
112,7992.03333333333,3736.55,2336.63073333333,2235.8,2142.11283333333,1661.8637,1273.02463333333,946.857466666667,963.975,916.0765,754.182933333333,674.2114
113,8600.93333333333,5947.44626666667,2060.88133333333,1810.68003333333,1312.2445,1285.1928,1057.89293333333,1153.4088,904.908933333333,808.222366666667,934.2195,770.0784
114,4024.53333333333,1822.21666666667,1106.06626666667,1061.61466666667,839.347333333333,713.014833333333,837.0472,663.6316,584.225133333333,608.779266666667,590.5941,603.5478
115,22543.9666666667,11816.8833333333,6126.26666666667,4830.9995,2728.7327,1992.38296666667,2009.46416666667,1787.22466666667,1577.5106,1759.90123333333,1349.47333333333,1046.59306666667
116,6727.23333333333,4007.81176666667,2526.3937,1982.4596,3990.8204,1117.58363333333,1235.94926666667,795.8105,1284.6091,718.714066666667,773.9131,764.7804
117,16713.4666666667,6288.98133333333,2886.81666666667,1815.3151,1430.0494,1335.4519,1552.1977,1444.42696666667,1177.12266666667,1116.1967,1249.73233333333,1037.393
118,3018.66666666667,1819.16466666667,1145.11226666667,974.260666666667,834.957333333333,767.415666666667,791.830333333333,637.914266666667,572.4431,603.048,580.896,576.7485
119,4135.06666666667,2540.78333333333,1706.7921,1425.23093333333,1028.9126,923.611233333333,1024.4955,818.080833333333,659.879533333333,644.7632,631.111666666667,620.595333333333
120,27491.2333333333,12786.7166666667,4869.68333333333,3252.64933333333,2610.1936,2383.9797,2105.11236666667,2207.1991,1888.62906666667,1882.51056666667,1676.5271,1642.2104
121,14268.9,3953.2955,1950.49526666667,1102.6,821.9636,750.6062,932.010533333333,708.262466666667,1298.298,670.030433333333,758.1965,721.531733333333
122,4299.8,2466.06666666667,1226.01266666667,985.7936,861.779266666667,937.8764,1038.32863333333,697.611266666667,645.258533333333,616.5492,644.562166666667,598.082433333333
123,2568.46666666667,1666.43083333333,1214.50793333333,936.8566,828.116266666667,645.466666666667,642.788533333333,603.382933333333,528.065166666667,526.4,533.5156,536.2995
124,56191.6,33650.1666666667,13845.2636,7434.08293333333,5207.10423333333,3414.6357,2759.00416666667,2678.05276666667,2279.9391,1992.57556666667,1860.5763,1652.34256666667
125,15409.3333333333,6603.2116,3830.81716666667,2857.0951,1582.5842,1475.96956666667,1609.01866666667,1368.5523,1268.9294,1327.9389,1140.52926666667,1110.12
126,6916.4,5263.4684,3539.22513333333,2278.10333333333,1631.58536666667,1489.81406666667,798.949433333333,477.344533333333,516.236866666667,336.1705,210.862333333333,156.901033333333
127,19575.7,8913.34593333334,3864.47136666667,3191.15443333333,1903.11896666667,948.3968,1057.77463333333,750.707833333333,535.175233333333,457.8388,320.914233333333,282.592966666667
128,7682.5,3326.43066666667,2573.2966,1695.43283333333,1220.3774,959.105733333333,1211.10343333333,904.749766666667,808.8732,834.604733333333,678.010333333333,690.090066666667
129,19822.9333333333,7759.9155,4109.34833333333,2817.5496,2152.72873333333,1596.75656666667,1795.3337,1100.05813333333,1376.75186666667,1117.20406666667,1015.0714,950.8097
130,25947.4,12386.8333333333,8235.9,5311.8995,3107.05346666667,3305.75723333333,2737.4267,1971.14476666667,1949.1259,1889.48386666667,1562.38766666667,1212.7947
131,6255.76666666667,2809.8615,1420.20686666667,1080.45493333333,966.231833333333,863.6429,893.291866666667,749.0688,763.876266666667,732.280666666667,696.982233333333,656.204666666667
132,20180.8333333333,10939.1661666667,5759.9996,3620.1996,2420.2561,2137.97646666667,1869.04106666667,1703.32803333333,1619.2589,1639.60333333333,1449.2547,1298.9251
133,27547.1666666667,8004.62643333334,3647.6495,3186.98243333333,1749.92186666667,1373.9891,1623.4397,1580.48293333333,1177.4416,1068.1676,1103.3848,985.0477
134,3891.8,2330.11086666667,1544.36093333333,1423.37093333333,1059.47643333333,892.192,773.210466666667,742.724966666667,850.446533333333,693.5924,649.4987,647.8481
135,15877.9666666667,9975.29933333333,5697.5991,4194.19933333333,5972.7143,1843.0624,2078.89146666667,1455.31296666667,1345.72063333333,1313.244,1255.26326666667,1049.3458
136,17668.9333333333,8288.7,4337.6656,3206.81336666667,2109.44613333333,1571.6923,1641.47336666667,1453.47116666667,1261.45766666667,1205.8346,1204.54396666667,925.360033333333
137,45984.6666666667,21139.7806666667,15213.7805333333,9415.7976,7514.6316,3587.834,2156.4747,1597.22923333333,1510.7323,1629.07206666667,680.579966666666,458.4254
138,23386.2,8125.39333333333,6139.9967,4743.96366666666,4274.28576666667,2780.78186666667,2184.22116666667,1581.54643333333,1595.95796666667,1475.70363333333,1009.12786666667,892.225066666667
139,6599,4536.2496,2618.07763333333,2242.77916666667,1969.30043333333,1428.8876,1030.8189,884.122633333333,924.272966666667,777.8221,671.2686,617.696666666667
140,6713.6,3567.7472,1953.88333333333,1597.6,1405.5422,1112.7816,1102.0942,933.8438,736.381366666667,924.928933333333,709.279333333333,648.597666666667
141,3766.76666666667,1784.31103333333,1343.03043333333,1035.71226666667,751.276533333333,809.675733333333,932.955366666667,685.9563,590.375166666667,648.7959,706.331166666667,622.480433333333
142,16526.0333333333,8350.96526666667,4175.6475,2486.61666666667,1903.5798,1613.28786666667,1728.55643333333,1361.21583333333,1251.57283333333,1282.52513333333,1370.14163333333,1176.8594
143,4669.46666666667,3566.11426666667,1448.22893333333,1380.361,1194.08426666667,924.124533333333,869.338866666667,779.9924,671.811866666667,669.778,710.3476,750.063066666667
144,8831.46666666667,4837.03143333333,2486.2921,1748.47686666667,1414.3853,1291.26843333333,1336.5055,1155.40436666667,916.5956,1143.80493333333,1085.4932,960.079133333333
145,85195.6333333333,46234.3993333333,21684.1632666667,10658.1,7103.596,5612.07266666667,3321.6121,3468.31476666667,2772.0468,2683.28963333333,2274.06686666667,2045.6184
146,6313.66666666667,3514.79076666667,2434.35203333333,1466.20766666667,964.496233333333,840.378566666667,987.908933333333,678.2897,650.661433333333,367.454633333333,119.0675,93.3132
147,11543.5333333333,6812.216,4248.35,2623.01466666667,2377.1299,1559.45643333333,1631.59346666667,1284.61513333333,1058.50056666667,1234.84963333333,1126.26096666667,916.827933333333
148,31474.7,14945.1993333333,5831.78293333333,4605.0152,2857.9494,2276.6958,2364.98083333333,2317.86066666667,2024.27146666667,1934.02176666667,1809.15946666667,1564.1946
149,27920.7666666667,14174.5,7361.8,5255.81616666667,3612.39126666667,3059.81066666667,2514.3461,2213.9922,2520.49,2186.70286666667,1838.89926666667,1586.7622
150,17803.4333333333,10780.5333333333,6812.45,3406.66666666667,2908.23723333333,2149.83786666667,2049.4898,1696.66056666667,1443.58766666667,1445.92356666667,1255.46023333333,1006.19486666667
151,16284.1333333333,11101.7329333333,3811.48043333333,3827.62893333333,2180.6504,1539.13683333333,1572.97356666667,1463.9898,1083.22103333333,1077.4743,1164.47473333333,963.7747
152,54783.5666666667,17037.9145,5958.98253333333,4369.7486,3112.9341,2139.6689,2337.62143333333,2254.198,1882.9667,1741.5534,1760.90993333333,1669.0218
153,5505.26666666667,2058.13253333333,1540.83333333333,1427.2927,953.111366666667,844.9261,966.593533333333,768.289733333333,682.127466666667,751.926166666667,648.2986,645.823933333333
154,16055.3,5882.4955,4568.31116666667,2919.0941,1839.0877,1362.46896666667,1566.40593333333,1210.1425,1283.16963333333,1221.86923333333,924.614033333333,998.7501
155,16468.6333333333,5978.097,2943.51286666667,2504.66176666667,1450.14583333333,1273.42766666667,1477.86283333333,1450.8993,975.8779,877.5659,954.629733333333,857.775333333333
156,4720.4,2596.72893333333,1893.78293333333,1401.41666666667,1094.27993333333,1020.52773333333,980.761766666667,754.6486,712.161366666667,706.7,647.432133333333,706.049333333333
157,14788.7333333333,8681.06566666667,3345.61666666667,2467.81066666667,1821.4315,1565.92006666667,1597.70206666667,1190.9123,1233.35866666667,1220.5747,1197.89453333333,996.246766666667
158,7235,3706.97953333333,2284.81216666667,1886.13003333333,1318.22603333333,995.5622,1046.9058,849.309533333333,855.987833333333,805.545166666667,726.0442,684.064966666667
159,33425.8,18359.0333333333,8159.83333333333,6138.68333333334,4185.2397,2782.85396666667,2638.48773333333,2730.3575,1756.2871,2085.00086666667,1823.81663333333,1586.70736666667
160,31380.3666666667,13823.8797,7917.2408,5370.6758,2764.0021,1567.97666666667,1311.31316666667,1155.634,1129.59063333333,1032.33446666667,564.231733333333,475.5755
161,99085.5,56058.466,19420.9333333333,14837.0829333333,10057.1495,5338.80453333333,4511.064,4753.55023333333,4253.9391,3726.24526666667,3725.46693333333,3046.5056
162,4230.93333333333,2267.6019,1387.2473,1116.2958,788.032033333333,756.6488,796.2257,545.262466666667,431.736933333333,175.377066666667,132.497233333333,121.166
163,6727.66666666667,2757.41216666667,1423.19693333333,1191.58266666667,1121.6996,775.214,728.741366666667,668.996,614.4937,626.5963,709.813766666667,586.4759
164,10465.9,5304.7996,4659.38333333333,3164.51566666667,3109.08193333333,2834.589,1370.4611,1220.89336666667,1125.52433333333,1054.69683333333,730.566266666667,629.463666666667
165,5466.06666666667,4722.0052,1840.3248,1529.3567,1018.2855,721.8763,799.720533333333,724.222633333333,601.437666666667,705.046533333333,698.3857,573.5823
166,28846.0666666667,14802.0321666667,8895.72933333334,5378.27893333333,4737.70636666667,3720.66923333333,2353.2681,1758.80253333333,1562.7655,1556.1913,1065.61853333333,840.605966666667
167,23290.2,13357.6705666667,5904.61226666667,4205.24453333333,3156.8716,1731.113,1610.36296666667,1537.15576666667,1791.3973,1488.0597,1448.1655,1533.1339
168,30817.4333333333,21627.35,10786.6666666667,8059.74643333333,5351.5303,2965.33566666667,2251.1413,1776.8348,1836.78593333333,2261.51833333333,1708.52963333333,1402.67173333333
169,4691.6,3492.08233333333,1941.2,1668.08333333333,1505.11516666667,1162.51096666667,982.294366666667,1057.9307,792.6463,985.380033333333,691.064266666667,829.465766666667
170,10982.2333333333,4208.53333333333,2036.69253333333,3163.57293333333,1051.91843333333,873.416733333333,830.6046,697.4615,661.0491,687.905333333333,710.3,712.580433333333
171,11723.4333333333,6843.88333333333,4870.36666666667,2998.16666666667,3020.6962,2624.9086,1478.5592,1696.5792,1228.32633333333,1441.897,902.815866666667,972.165366666667
172,3730.56666666667,2126.22613333333,1428.56626666667,1395.63333333333,948.660433333333,721.3775,775.9777,646.614766666667,571.679333333333,718.230666666667,579.33,584.379333333333
173,6430,3674.15946666667,2357.12526666667,1793.70333333333,1707.8121,1142.1553,1079.4973,806.520333333333,844.999666666667,705.181,217.020333333333,132.0217
174,6031.93333333333,3160.19333333333,2003.7447,1611.21316666667,1299.583,955.524633333333,972.3268,880.9851,760.384733333333,772.742566666667,639.4824,666.761166666667
175,7840.06666666666,3618.4241,1826.61206666667,1484.6411,1003.17413333333,967.450166666667,1135.17406666667,780.8545,603.337,208.5707,209.514333333333,121.903066666667
176,3120.6,2018.78026666667,1238.65013333333,1160.26033333333,1005.51713333333,836.807966666667,792.785266666667,609.905033333333,635.597566666667,640.053833333333,619.505966666667,612.8547
177,149839,53337.0819333333,26125.8117666667,15164.4982666667,12543.0893,9377.66953333334,5408.06516666667,4663.4572,3857.1121,2160.1309,1789.2391,1526.04626666667
178,10253.8,8247.16666666667,3999.9,2662.76666666667,2216.3972,1762.8134,1388.81096666667,1633.39496666667,1272.8603,1102.626,1008.6947,891.7629
179,14592.7,5563.31493333333,2979.86666666667,3594.53243333333,1700.7655,1154.8233,1204.6558,920.5432,909.587333333333,1141.76143333333,924.1781,971.1437
180,10350.3,6546.49526666667,4249.78133333333,2365.0492,2163.51773333333,2305.5653,2112.87703333333,1452.97903333333,1445.82726666667,1381.04976666667,1114.01226666667,1174.28676666667
181,21015.6666666667,13170.1321666667,7222.049,3696.83293333333,3107.88376666667,2185.66356666667,2111.5744,1738.15293333333,1564.45253333333,1455.82546666667,1269.46336666667,1033.54996666667
182,3639.7,2851.4901,3076.84233333333,1414.5421,1135.00376666667,1018.60453333333,920.027333333333,752.0827,726.494033333333,762.862333333333,688.790933333333,695.600133333333
183,14375.8,6369.31376666667,5652.44883333333,6932.96666666667,3019.91376666667,3110.8258,1811.17003333333,1620.97416666667,1577.0988,1448.21976666667,877.958133333333,750.595733333333
184,30598.2,12256.7940333333,5699.7951,3919.0917,2093.7053,1509.87793333333,1883.6157,1430.73626666667,1537.74883333333,1294.25476666667,1119.6874,913.6813
185,2539.9,1318.1372,923.356,934.1136,824.019166666667,749.5244,774.543433333333,628.5422,620.062666666667,634.759066666667,581.7931,563.833333333333
186,22428.3,10881.7666666667,4905.78293333333,3791.91666666667,2518.764,2285.04253333333,2226.54743333333,2009.76016666667,1745.34413333333,1387.40803333333,1491.8408,1339.2956
187,102000.6,58084.4,22572.35,18742.6328333333,22303.1983333333,7821.6871,5361.42726666667,3734.7271,3217.26123333333,2282.5647,2183.22316666667,1630.4524
188,138119.266666667,84630.1833333333,26012.4333333333,20987.7996,15568.8721666667,7088.68026666667,5513.6051,6234.57973333333,5591.7609,4996.9665,4337.6249,3253.42443333333
189,17540.7333333333,8144,3802.05,3776.66666666667,2009.62873333333,1800.57973333333,1662.76246666667,1339.97813333333,1215.094,1192.25686666667,1033.08063333333,1011.6123
190,10598.6,3173.56276666667,2749.66666666667,2176.648,1016.6652,833.094533333333,961.0416,753.9442,785.6632,979.479833333333,753.415866666667,754.9958
191,4828.26666666667,2503.4441,1620.25056666667,1107.4221,889.248033333333,845.228033333333,789.197366666667,711.628533333333,621.9377,670.818733333333,626.6119,586.959933333333
192,10990.5,3605.93293333333,2682.94933333333,2730.199,1420.9939,966.414066666667,1185.0033,928.6851,918.8252,993.078166666667,744.664266666667,789.061066666667
193,88965.4,38537.0829333333,22289.8606666667,12792.2495,7926.09666666667,3878.93263333333,2719.93946666666,2305.1361,2271.25996666667,1848.1735,1353.65993333333,799.976
194,4991.06666666667,3871.23333333333,3015.47693333333,1604.693,1743.8088,1160.97663333333,1155.27353333333,929.152566666667,831.556033333333,760.140566666667,727.0987,617.3136
195,45276.5666666667,17292.1666666667,9000.26366666667,6135.18293333334,4216.3986,2816.78026666667,2551.14636666667,2057.91316666667,2353.11363333333,2317.19206666667,2244.51076666667,1678.14866666667
196,6263.7,4413.62983333333,2281.96666666667,1431.61566666667,1094.63093333333,930.563633333333,1052.86213333333,1172.596,755.686766666667,670.663666666667,772.397,681.796533333333
197,43276.2,25702.85,14516.3333333333,9855.79933333333,7476.29,3882.6528,3067.13556666667,2063.59586666667,2609.07783333333,2346.48436666667,2154.00366666667,1790.72366666667
198,37011.8333333333,20794.2166666667,9127.29960000001,6319.41666666667,4130.67173333333,2813.94333333333,2621.27396666667,2467.95506666667,2090.86556666667,2216.7471,1994.1234,1758.73673333333
199,6381.73333333333,4210.76666666667,2152.08193333333,1513.81666666667,1363.2116,1018.12943333333,973.162866666667,985.3648,966.330133333333,900.576433333333,745.566,742.316666666667
200,17740.4666666667,5327.18333333333,3141.61666666667,4728.28333333333,8328.4452,1943.5456,2354.52913333333,1252.7598,1207.5635,1145.36616666667,1017.88253333333,969.143766666667
201,4772.73333333333,2612.5972,1952.73133333333,1381.63066666667,978.893866666666,913.109133333333,851.1473,721.759866666667,650.732666666667,699.3266,669.898,668.3438
202,29643.2333333333,8749.39933333333,5412.23033333333,3644.78133333333,2695.8987,1705.46413333333,1800.26453333333,1472.03733333333,1111.22446666667,1434.8018,1356.46913333333,1092.92856666667
203,27381.2,12101.45,7185.06666666666,5646.45,5786.8682,3151.02556666667,2321.0033,1589.875,1405.73723333333,1494.21166666667,1208.95326666667,883.985866666667
204,195846.866666667,68170.1333333333,30440.3,19070.15,13776.4861333333,10275.2413333333,5978.53783333333,5051.8662,4245.04373333333,2364.31933333333,1694.20993333333,1279.40773333333
205,9766.1,4460.7496,2621.86666666667,1980.548,1325.59463333333,1462.658,1298.6521,996.947,1034.4917,1065.59726666667,973.663466666667,806.9312
206,27934.9,11680.4333333333,3875.58133333333,2307.36666666667,2167.3233,1457.2759,1634.4941,1599.19023333333,1397.40976666667,1302.8235,1434.88686666667,1213.0544
207,31800.9666666667,14945.9,5784.23293333333,4210.31666666667,3051.21186666667,2583.59253333333,2165.84293333333,2472.42923333333,1924.40836666667,1999.60706666667,1872.89196666667,1843.1281
208,25185.9666666667,13588.3916333333,5997.248,4267.15893333333,3119.28976666667,1811.968,1854.84183333333,1627.58683333333,1822.07476666667,1486.51296666667,1462.24736666667,1579.24
209,95272.9333333334,40389.35,16590.4,12996.1833333333,11796.5420666667,4404.59193333333,3991.93563333333,3774.26753333333,3697.7701,3846.1209,3319.93733333333,2775.3401
210,19179.5333333333,7687.38216666666,6876.0496,4941.63283333333,3125.5511,3361.50126666667,2051.80303333333,1728.10766666667,1654.68556666667,1250.33246666667,955.741866666667,837.4698
211,7837.43333333334,5340.05,3095.8156,1955.23333333333,1968.4491,1215.32963333333,1038.5442,842.3952,792.0764,754.095,670.566266666667,600.0142
212,7581.53333333334,5120.86666666667,2915.53333333333,1956.38333333333,2342.96366666667,1812.02733333333,1282.8476,1093.49586666667,885.262966666667,817.380433333333,726.565766666667,599.0621
213,2778.1,2275.278,1770.2042,1380.80026666667,1065.79393333333,714.728933333333,727.574133333333,610.565066666667,551.411766666667,593.0936,553.0455,547.432933333333
214,3707.06666666667,2782.4936,1516.21146666667,1224.0336,976.257766666667,714.394733333333,782.8716,655.3172,585.939666666667,618.9423,708.280466666667,606.776633333333
215,29047.7333333333,11648.9623666667,6854.8904,4920.50913333333,2523.55266666667,1427.17656666667,1164.88723333333,1111.07193333333,1090.43836666667,889.673333333333,520.301866666667,408.2008
216,10237.0666666667,5382.06126666667,2766.97683333333,3782.93133333333,8476.48046666667,2200.16453333333,2151.14446666667,977.378466666667,915.050133333333,701.0687,773.8178,631.0129
217,3053.4,2451.93193333333,1832.8116,1626.66626666667,1199.65,750.547,794.093866666667,618.016266666667,582.4991,595.55,556.4976,550.25
218,58848.8333333333,25732.9166666666,10926.6166666667,6530.93333333334,4620.55746666667,3447.16446666667,2975.66086666667,2721.97903333333,3772.53406666667,2562.9926,2461.33716666667,2134.72693333333
219,3676.3,2629.5916,1389.4156,1362.78333333333,971.513466666667,800.5874,903.270933333333,643.738866666667,674.430333333333,626.682933333333,632.564266666667,629.616
220,21072.1333333333,5243.41666666667,3595.83333333333,2561.32633333333,1541.07886666667,1426.08063333333,1508.41176666667,979.8922,775.311966666667,943.9,857.392866666667,735.029366666667
221,12107.7666666667,5788.01366666667,2741.18333333333,2145.5946,1598.36783333333,1537.71523333333,1466.84743333333,1142.5068,1030.24223333333,1048.97393333333,1048.3672,920.011
222,5393.03333333333,2550.42876666667,1679.41666666667,1379.78333333333,942.1933,788.676533333333,946.953,674.765466666667,596.924133333333,639.8781,649.9478,581.598166666667
223,15526.9333333333,5951.05943333334,2850.3251,3307.36833333333,1114.03336666667,1011.87526666667,1308.5795,809.108766666667,720.3866,430.179566666667,167.902366666667,166.1646
224,3746.86666666667,1900.73053333333,1508.714,1174.93133333333,1199.82933333333,885.804,890.379333333333,673.379666666667,611.1476,580.914666666667,591.316,572.348
225,34214.6666666667,15514.0166666667,8555.81666666666,5650.93333333333,3628.67603333333,2755.9548,2736.16943333333,2139.30176666667,2052.0323,2071.34333333333,1804.3179,1508.48963333333
226,10255.2666666667,7240.03333333333,3102.01186666667,2098.38033333333,1710.59566666667,1404.24036666667,1357.5671,1076.27936666667,906.374533333333,1129.5189,923.0868,827.470633333333
227,12593.6,8192.01426666667,3792.78243333333,2455.64793333333,1593.8281,1463.7022,1517.96406666667,1025.0282,1124.85896666667,1245.96176666667,798.0107,840.308333333333
228,12880.7,6841.39776666667,2149.92983333333,2215.96626666667,1371.47366666667,1143.7918,1084.5399,1141.21366666667,769.793966666667,815.025433333333,760.2123,691.213766666667
229,7997.36666666667,5066.36586666667,2689.51666666667,2919.1996,2910.1976,1785.46146666667,1085.1085,761.361,815.0775,784.278266666667,764.2991,708.558866666667
230,17753.6,6244.26626666667,2634.72993333333,1725.97793333333,1163.52243333333,1036.22666666667,1183.7606,851.7376,868.037366666667,800.684666666667,904.373933333333,811.1618
231,14818.7,4328.5116,1661.56443333333,1837.96386666667,1028.4896,1216.7666,1064.91686666667,775.313433333333,591.2667,635.7816,734.174966666667,671.8752
232,26416.8666666667,14904.0166666667,8274.48243333334,5462.4652,3903.97853333333,2419.11136666667,2381.86853333333,2011.63626666667,1938.6755,1762.89893333333,1535.21826666667,1395.9687
233,9585.13333333333,4038.91546666667,2714.35,2010.8996,3397.7876,1077.40623333333,1376.4751,1039.5243,704.107766666667,906.762366666667,696.396266666667,921.310766666667
234,4189.06666666667,2614.5996,1668.3086,1287.16466666667,1357.58893333333,998.0171,925.219833333333,774.608333333333,741.2458,666.831333333333,644.65,688.9954
235,21910.6,9075.54933333333,4765.23083333333,5181.1475,11313.9865,3072.3991,2872.31873333333,1591.6212,1521.05563333333,1224.19666666667,1054.1786,953.068066666667
236,14814.0666666667,6246.9,3434.83166666667,3017.27733333333,1879.68963333333,1385.12346666667,1249.83196666667,1209.46726666667,1094.6746,1188.7633,1144.97696666667,965.626533333333
237,16638.4333333333,8602,5865.39933333333,3596.96416666667,2224.9244,1879.64043333333,1889.1565,1626.15073333333,1563.53036666667,1521.21786666667,1357.00056666667,1093.62076666667
238,41751.5,24980.2322666667,10227.8492,5875.7583,2515.97953333333,1423.77373333333,1370.90923333333,1401.6856,1256.74733333333,1093.86423333333,799.6862,634.227866666667
239,24210.3,21785.35,10272.6491,5697.6475,4341.79413333333,2778.38086666667,2008.51283333333,1764.52143333333,1728.2871,1339.5227,1144.09076666667,977.818966666667
240,5702.5,3321.78253333333,2455.61666666667,1880.86266666667,1457.47593333333,1769.82293333333,1375.06616666667,871.443933333333,931.328633333333,754.6764,795.679333333333,679.395933333333
241,10025.3666666667,4604.23133333333,2451.98233333333,1229.646,1154.00756666667,1010.34696666667,1047.7895,710.156066666667,763.323433333333,675.076866666667,801.762266666667,726.644833333333
242,79748.2666666667,35629.2333333333,21166.4666666667,11549.9301666667,8258.717,4771.80036666667,2301.38416666667,1645.78246666667,1414.65706666667,1089.9931,822.039166666666,427.6786
243,4351.43333333333,2593.83133333333,1729.13333333333,1735.61566666667,1537.9991,1329.7973,1027.83253333333,839.398266666667,828.261866666667,678.114666666667,638.798,543.5
244,3011.16666666667,2482.23133333333,1328.40926666667,971.016666666667,886.242,958.763,1006.1955,757.780333333333,736.0446,590.896,634.9956,605.445566666667
245,32676.4666666667,13500.6333333333,5836.65,4033.08333333333,2788.37203333333,2539.56326666667,2228.33953333333,2038.52296666667,2045.12823333333,1912.07886666667,1851.50506666667,1706.96163333333
246,24999.3333333333,13387.2166666667,8037.43333333333,4763.1,6615.31446666667,3525.46056666667,2289.3764,1569.0588,1394.45493333333,1641.33926666667,1187.45283333333,945.538966666666
247,23708.9666666667,12024.3666666667,6744.41566666667,3184.06666666667,2298.03756666667,2116.6945,2042.23456666667,1799.35556666667,1770.4976,1789.60683333333,1706.3557,1453.60363333333
248,24509.1666666667,13982.1493333333,8178.7492,6741.18076666667,3389.4209,2453.7127,2035.62436666667,1918.13253333333,1924.06443333333,2235.1552,1798.5012,1379.40643333333
249,24299.4,9867.21666666666,9430.61666666667,5316.11666666667,5006.9448,4167.92463333333,2303.57603333333,1781.4217,1650.35543333333,1451.64946666667,1029.61576666667,771.310866666667
250,6221.83333333333,3216.14883333333,2393.28176666667,2066.78333333333,1100.2463,925.592733333333,1386.94116666667,895.200033333333,943.9538,734.9801,952.556066666667,753.4901
251,4684.4,2543.42176666667,1426.36893333333,1115.22866666667,879.360533333333,848.4042,781.9642,764.4568,691.605966666667,761.0335,853.802066666667,688.4952
252,54047.1,21255.7,8648.93203333333,5940.91626666667,3551.6118,2526.68013333333,2652.11523333333,2393.30986666667,2103.52206666667,2017.0936,1965.59456666667,1702.72243333333
253,7198.53333333333,6840.8291,2238.27526666667,1745.29643333333,835.999866666667,435.292233333333,268.3879,235.261366666667,176.7949,112.950933333333,96.4581666666667,78.1883333333333
254,12174.1,7227.69893333334,3999.898,2706.53233333333,2270.26313333333,1791.93886666667,1418.25703333333,1365.39043333333,1272.8597,1353.62813333333,1019.91163333333,1049.26973333333
255,8963.5,6876.61516666667,2153.999,1911.02793333333,1267.99376666667,1223.68036666667,1330.2445,924.561,731.279966666667,752.371133333333,816.165633333333,642.076166666667
256,12693.4666666667,5514.00653333333,2842.7401,2119.3657,1234.76203333333,913.250066666667,890.682466666667,478.802,477.263133333333,298.965266666667,181.930833333333,236.654133333333
257,4700.86666666667,3714.76426666667,1966.78333333333,1770.03233333333,1335.38133333333,1069.77533333333,1294.1907,847.461766666667,725.081333333333,678.059066666667,702.762366666667,646.698933333333
258,4611.66666666667,2394.6496,2222.9656,1585.93133333333,1458.10966666667,983.587466666667,956.553466666667,769.376466666667,871.8386,762.216533333333,865.736033333333,749.283066666667
259,14249.5333333333,6592.0891,3023.78566666667,3566.68946666667,1490.57173333333,1366.86793333333,1113.81863333333,998.354533333333,873.7098,368.190533333333,300.994066666667,155.543366666667
260,17182.0666666667,7246.68333333333,5298.58333333333,3552.83333333333,3147.06176666667,4425.37523333333,1886.64513333333,1475.40836666667,1231.19203333333,1068.7865,864.8451,667.944
261,43548.9333333333,23278.55,12415.6166666667,5814.61616666666,3205.66723333333,3101.96883333333,2680.22623333333,2347.6862,1922.88526666667,1895.22896666667,1757.7292,1341.14356666667
262,53142.5,27003.7166666667,16984.3333333333,10149.7975,7676.65533333334,5042.5909,2962.46933333333,2474.8132,2267.5011,2221.41856666667,1599.0613,1174.14993333333
263,3133.43333333333,2190.53133333333,1040.93463333333,1044.31613333333,757.4636,724.099266666667,758.470033333333,602.174,614.2044,587.7412,641.7948,591.8935
264,4217.43333333333,2906.214,1586.72853333333,1536.92633333333,1124.3716,915.3371,825.527433333333,732.2092,856.7935,753.929233333333,767.3483,633.491766666667
265,3439.93333333333,1906.08013333333,1168.26466666667,1046.96426666667,774.362833333333,711.022433333333,690.0617,564.9,541.933333333333,641.866666666667,573.132,593.05
266,4983.86666666666,2790.56586666667,1696.598,1571.53093333333,1008.97433333333,886.825333333333,993.276433333333,771.062533333333,680.3475,614.811333333333,714.632433333333,571.8483
267,9859.6,4017.5655,4534.88093333333,2831.33233333333,2541.82776666667,2808.4112,1382.3959,1276.5978,1054.32273333333,912.193866666667,688.546,623.6472
268,33220.3333333333,16206.7166666667,9616.71666666667,6382.98283333334,4095.97446666667,3062.68673333333,2635.52563333333,2278.83083333333,2059.61036666667,2140.35313333333,1888.40543333333,1656.97336666667
269,43587.8333333333,27662.5826666667,11766.9,8522.18333333333,5118.33746666667,3387.9441,2978.57023333333,2929.6555,2848.142,2900.8193,2324.80626666667,2242.75503333333
270,13804.2,4817.79853333333,3218.43333333333,3027.28333333333,1675.07993333333,1435.0291,1512.2081,1231.3951,1053.5096,1427.86476666667,965.7476,968.265866666667
271,23233.8666666667,7828.06466666667,5740.51366666667,3234.08033333333,4095.15006666667,2205.77756666667,2174.3617,1428.4855,1586.6018,1297.2119,1266.35023333333,1122.2226
272,65807.3,45735.6833333333,16267.9,13273.6996,9255.01613333333,4884.8559,3693.36166666667,3479.01703333333,3367.23786666667,2673.485,2494.43653333333,1890.83836666667
273,52411.2333333333,32719.4833333333,13967.6666666667,9569.61626666667,5691.0115,3372.01193333333,3001.73233333333,2671.2138,2399.2342,2304.4229,2098.4019,1743.69993333333
274,13173.0333333333,4132.3422,2985.87603333333,2024.4982,1363.37476666667,1169.05466666667,1485.8931,984.464133333333,909.0425,862.633933333333,822.240666666667,722.516433333333
275,17719.6333333333,10346.8666666667,8166.43253333333,3900.0145,4400.68533333333,3791.48173333333,1779.1123,1497.54073333333,1456.4346,1434.332,1048.41,727.372833333333
276,11684.4333333333,3742.03326666667,1990.6426,2861.032,3448.33413333333,900.6701,1103.3861,750.823833333333,663.608,716.3895,658.8976,745.478133333333
277,40927.5333333333,17144.3166666667,7294.9156,5433.0996,3039.53836666667,2301.37383333333,2516.6903,2208.167,2445.86903333333,2382.28183333333,2039.8551,1764.34353333333
278,5486.1,3619.29866666667,1861.1039,1594.2792,974.995466666666,579.7397,385.563766666667,359.588166666667,232.654033333333,215.3833,126.734366666667,157.7804
279,3858.36666666667,2675.7816,2289.51666666667,1990.28333333333,1543.28203333333,1606.9459,953.6084,736.096566666667,719.963166666667,608.8155,526.4,515.232433333333
280,5551.86666666667,3670.86666666667,1771.72766666667,1348.62633333333,1091.42866666667,1015.23883333333,1032.69083333333,990.5976,921.7735,715.9956,841.498,740.3652
281,5113.26666666667,2578.42693333333,2188.5778,1104.90616666667,929.5394,768.942366666667,605.209766666667,350.7457,353.986233333333,217.9474,156.138533333333,183.977566666667
282,11361.1333333333,4463.46666666667,2786.27733333333,1968.73226666667,1658.55863333333,1413.8438,1308.505,1074.93793333333,895.4529,918.1733,856.974666666667,818.362833333333
283,28431.1,22055.3324333333,8250.66586666667,4523.06666666667,2678.44156666667,2247.2685,2096.0965,2103.03896666667,1530.30906666667,1286.0225,1056.56543333333,1384.45113333333
284,31010.9666666667,14925.4333333333,9832.26666666667,5674.86616666667,4152.2125,3151.75763333333,2742.05293333333,2138.7038,2044.93896666667,2078.65756666667,1778.10506666667,1461.15826666667
285,30447.9,14178.9981,7254.78003333333,4549.99653333333,2735.3734,1576.72383333333,1517.10243333333,1066.39473333333,1202.6334,1045.97376666667,569.0244,385.828133333333
286,2751.93333333333,3080.06786666667,1717.4893,1303.5561,1142.63816666667,1055.51256666667,989.2474,768.180833333333,745.074233333333,583.4658,600.7895,552.7706
287,15489.1,8674.1801,2368.46666666667,2098.8487,1668.3465,1516.3934,1386.2721,1549.70676666667,1192.10893333333,963.6384,1296.7034,1013.66033333333
288,15639.2333333333,13200.3333333333,7288.83213333333,4783.96666666667,2868.1202,2716.38953333333,1833.3058,1435.76673333333,1352.03543333333,1436.78963333333,1260.27013333333,900.427
289,32103.5666666667,12073.9166666667,8081.31666666666,5015.38293333333,2713.81356666667,2229.97463333333,2200.5172,1798.96976666667,1810.9631,1896.78393333333,1681.0574,1317.53343333333
290,32867.5333333333,15278.6809333333,6654.58043333333,4508.7972,2601.04406666667,1997.57676666667,1909.77576666667,1986.88623333333,1818.1351,1652.33683333333,1659.00146666667,1551.837
291,3353.5,2366.46466666667,1290.00186666667,904.239333333333,866.446866666667,886.0622,954.309166666667,735.693,732.707666666667,599.4476,696.4436,673.645966666667
292,18202.9333333333,8530.38266666666,4976.18333333333,3531.5995,2630.78756666667,1850.30406666667,1868.04806666667,1661.9743,1383.11753333333,1638.141,1275.75936666667,1124.82493333333
293,5992.16666666667,3337.2,1653.87806666667,1412.18133333333,992.478166666667,942.242833333333,1121.2595,863.648,756.052833333333,665.328933333333,803.882666666667,706.898533333333
294,19656.2,6577.69466666667,3438.06516666667,2565.3482,1984.53206666667,1565.26016666667,1787.68123333333,1200.46233333333,1302.51146666667,1234.94876666667,1100.70813333333,1066.26173333333
295,3123.53333333333,1986.81153333333,1437.96536666667,1266.593,978.351766666666,937.962366666667,738.399833333333,672.407366666667,685.323433333333,616.5211,600.6512,556.325966666667
296,5780.2,4522.33333333333,1726.28333333333,1416.63133333333,1327.8952,1223.04226666667,1340.67536666667,1083.94593333333,851.974733333333,1091.29893333333,878.462033333333,875.025766666667
297,26844.6666666667,11949.7321666667,7173.3488,6182.67933333333,3565.49863333333,4242.88366666667,2028.15053333333,1655.55603333333,1339.18023333333,1375.30286666667,1002.29143333333,830.301633333333
298,21191.3,8205.32766666667,6818.9995,4862.17933333333,3580.06506666667,2887.46776666667,1899.13396666667,1464.2479,1230.59906666667,1167.51423333333,809.3953,658.416233333333
299,8460.8,7421.264,2361.5996,2459.51566666667,1343.30853333333,1025.87463333333,1099.7101,1152.2101,824.942833333333,846.926333333333,801.7142,703.674966666667
300,15316.8,8836.93333333333,5742.23333333333,2956.61666666667,2449.42013333333,2031.8796,1800.78576666667,1651.63863333333,1277.36686666667,1406.47023333333,1130.17376666667,1075.49133333333
301,7282.6,2635.69333333333,1828.31236666667,1031.68003333333,810.5678,697.487233333333,655.7705,644.185066666667,617.1733,645.222933333333,634.8426,663.020733333333
302,3116.03333333333,2254.49733333333,1067.03453333333,994.768133333333,721.5121,742.162266666667,742.864033333333,591.9295,598.7556,585.0856,632.0752,597.5919
303,23139.7666666667,10700.6473333333,3892.39733333333,2793.91666666667,2199.4765,1842.1722,1912.41316666667,1779.77763333333,1566.1655,1354.92513333333,1554.17046666667,1429.5264
304,15429.4666666667,4368.56066666667,1764.17466666667,1809.02793333333,1007.1561,1234.74343333333,1052.80733333333,754.192633333333,618.710366666667,654.238933333333,760.154366666667,730.2809
305,5615.23333333333,3734.21553333333,1954.5294,1439.64983333333,1320.054,1221.97916666667,998.0584,1066.65503333333,979.1946,977.529033333333,909.958566666667,817.843333333333
306,16445.0333333333,7573.03333333333,4177.8156,1856.12533333333,1846.61203333333,1512.30286666667,1498.39043333333,1182.31013333333,1263.4398,1103.26,976.402866666666,1005.04086666667
307,22009.8333333333,13407.95,9527.4152,4902.66576666667,3052.05586666667,2081.57926666667,2181.68863333333,1786.84826666667,1718.38163333333,1701.40693333333,1626.27646666667,1219.74613333333
308,16913,6890.3471,6018.93216666667,6843.5,3028.12796666667,3136.5264,2006.03513333333,1737.12356666667,1631.4025,1508.52206666667,947.055533333333,799.863133333333
309,21096.3666666667,9900.78333333333,8397.68333333333,4711.4655,3685.1692,2351.6534,2381.54953333333,1656.83096666667,1923.45683333333,1826.54863333333,1598.235,1224.85263333333
310,8435.5,4421.71666666667,2384.46366666667,2168.46666666667,1249.04703333333,1128.5986,1408.0179,973.1196,966.497033333333,845.014166666667,744.703566666667,633.3978
311,3670.3,3280.9407,2284.56196666667,1807.85783333333,1109.7181,936.8626,973.575033333333,805.882166666667,1014.38026666667,733.539233333333,740.091666666667,632.692066666667
312,6255.43333333333,2728.88133333333,2617.53166666667,1582.82933333333,1281.84663333333,944.089366666667,1078.07813333333,821.747266666667,801.0865,720.976566666667,838.0155,809.182533333333
313,3840.86666666667,2011.46126666667,1233.27826666667,1318.995,784.603366666667,772.8033,824.344533333333,694.2514,709.228933333333,649.9374,606.7025,547.1569
314,61520.1333333333,35916.25,14642.65,10324.4829333333,7344.74576666667,4285.62456666667,3611.3754,3997.69196666667,3500.4589,3720.20573333333,2852.7649,2789.24123333333
315,56800.2666666667,31094.7666666667,12763.4833333333,10267.0656,7491.33816666667,3833.416,3478.0856,2898.33646666667,3081.34346666667,2815.6489,2555.6592,2249.85143333333
316,16882.8666666667,7125.45,4823.81626666667,3714.88166666667,2215.01136666667,2059.9711,1702.24246666667,1564.82973333333,1439.96636666667,1463.48543333333,1255.05866666667,1148.60853333333
317,7228.2,3529.1,1932.91526666667,1660.15,1189.543,956.567833333333,1079.32213333333,720.672933333333,858.047,1049.08133333333,777.260833333333,1033.9946
318,8046.03333333333,4498.07213333333,2216.10473333333,2149.57643333333,1267.0372,1020.3681,1298.3029,1085.69383333333,888.4851,599.8579,186.2259,103.5611
319,15960.5,8130.68333333333,5481.88333333333,3637.3,6238.88073333333,3569.4771,1874.9976,1220.67816666667,1283.2611,1194.72833333333,875.1967,716.310866666667
320,26617,13177.9666666667,6257.41666666667,3529.43333333333,2834.84436666667,1995.97403333333,2169.02303333333,1601.48996666667,1547.4205,1546.6021,1599.7056,1276.45646666667
321,5043.7,2261.60926666667,1711.42733333333,1460.36426666667,1333.3988,1086.72333333333,980.930966666667,758.1694,746.198833333333,688.912333333333,669.0019,613.3451
322,13985.6666666667,6307.166,3932.31626666667,3208.36616666667,1857.88843333333,1623.05313333333,1962.69443333333,1452.6565,1402.08613333333,1207.00316666667,1138.7863,952.475
323,8147.16666666667,5849.7496,2488.5496,2006.93133333333,1503.57376666667,1154.02363333333,1170.08376666667,958.587966666667,919.1965,832.1891,898.4431,704.627066666667
324,6863.33333333333,4442.148,2865.09533333333,1821.095,1770.25043333333,1579.13696666667,1309.95753333333,1263.63053333333,1195.06483333333,1138.47656666667,987.231266666667,999.976966666667
325,10904.8666666667,6245.0946,3592.00616666667,2442.76743333333,1560.95723333333,1237.9063,1224.5777,1207.10126666667,1135.3919,1130.86276666667,941.4729,922.436033333333
326,6455,3507.71516666667,1804,1521.55,943.646833333333,924.392,1058.71296666667,655.030266666667,587.903833333333,632.909366666667,785.5124,619.961666666667
327,8813.66666666667,10227.8580333333,3308.67476666667,2147.3109,1301.21396666667,993.1621,690.4855,589.116166666667,500.386433333333,304.797766666667,237.188633333333,154.5282
328,20707.3,9927.6976,3175.71316666667,3319.69933333333,2029.5954,1692.5292,1575.83416666667,1028.4568,1089.34576666667,1126.93516666667,1290.83863333333,988.6892
329,32932.8333333333,16821.0312666667,8708.48093333334,6290.99433333334,2920.98416666667,1807.5381,1736.8384,1597.82853333333,1412.9505,1533.68286666667,775.008366666667,632.701633333333
330,19435.1,7913.15,7815.2,4061.48333333333,4707.16263333333,3785.4069,2181.5393,1463.69083333333,1475.2877,1399.93876666667,926.481033333333,719.361166666667
331,12677.3666666667,5765.1,2185.01026666667,3367.07493333333,1220.75246666667,1048.3507,948.2096,803.2577,745.132133333333,800.503933333333,838.9937,793.241966666667
332,13851.7333333333,7513.53243333333,3515.18333333333,2135.96626666667,1932.26426666667,1698.28073333333,1766.5292,1468.5128,1259.37963333333,1345.11176666667,1194.66036666667,1132.8735
333,3294.03333333333,1987.66466666667,1282.3646,1011.8456,708.283333333333,671.4911,699.164133333333,687.98,543.543,563.3476,667.1275,596.814666666667
334,4200.9,2381.5476,2334.70693333333,1578.26883333333,1427.87993333333,1206.5957,955.134333333333,766.679766666667,754.256833333333,773.027433333333,596.206766666667,649.3435
335,22259.1333333333,10247.5993333333,4628.53333333333,3070.13333333333,2734.40843333333,2152.16166666667,2126.44433333333,1900.491,1585.34073333333,1555.3564,1686.3253,1385.19026666667
336,81694.5666666666,32216.5166666667,12715.2833333333,8241.18293333334,5715.02373333334,3616.558,3326.80203333333,3892.1555,3806.8009,3329.4308,3108.86483333333,2612.35413333333
337,9729.09999999999,5236.43333333334,2152.03093333333,1406.52716666667,1037.6832,1149.00363333333,1100.12296666667,849.832033333333,1037.1785,930.608333333333,897.2462,810.310666666667
338,4145.5,2452.31666666667,1716.87023333333,1230.32533333333,983.470266666666,918.0437,1045.82133333333,742.722433333333,648.0086,683.6482,670.6566,609.6615
339,127158.866666667,75657.116,32218.05,18383.1333333333,12845.7112333333,7191.12253333333,5150.8609,5743.86043333333,5437.383,3894.97246666667,3721.37646666667,3291.19263333333
340,3562.63333333333,2330.046,1711.76666666667,1607.249,1368.63233333333,1251.33143333333,963.2992,847.7651,761.331333333333,681.233333333333,587.648,540.75
341,6837.03333333333,3189.8496,2456.28233333333,1908.0496,1406.87963333333,1364.80653333333,1298.27336666667,923.545066666667,829.675466666667,782.028333333333,695.562266666667,702.582666666667
342,32953.7666666667,19944.0833333333,10096.6833333333,7409,6690.82683333333,3335.89126666667,2457.40563333333,1772.2619,1969.1049,1595.53446666667,1346.08736666667,1072.3061
343,96560.9666666667,41997.45,21096.9978666667,13592.85,10277.8461,7003.68643333333,3469.01503333333,2956.86216666667,2043.4304,1856.97756666667,1236.55606666667,1041.8611
344,6954.93333333334,3549.28293333333,1850.84933333333,1586.52933333333,1038.36346666667,1172.66616666667,1161.96246666667,734.3806,734.3772,726.027966666667,739.382266666667,661.195633333333
345,8433.63333333333,5122.7992,2895.93333333333,1642,1437.67976666667,1058.7466,1003.6473,1026.3471,813.458166666667,940.094,774.814666666667,778.698
346,8969.23333333333,7584.1314,1983.13946666667,1738.05946666667,786.711866666666,584.523933333333,453.4237,470.9953,306.040666666667,194.883366666667,204.9179,208.3497
347,20193.5,10595.25,8420.95,4957.8151,3147.95133333333,2404.91993333333,2113.37646666667,1666.9991,1746.98426666667,1874.1186,1643.219,1414.02566666667
348,4491.16666666667,2828.11326666667,2375.198,1157.11386666667,1238.80803333333,1212.4395,1028.0102,857.895866666667,809.0544,761.059266666667,752.565866666667,706.575933333333
349,16181.1333333333,8855.41666666666,5376.5,2983.46466666667,2924.35296666667,1945.1022,1720.98783333333,1671.05463333333,1560.8215,1595.00166666667,1215.46233333333,1163.89156666667
350,11317.7333333333,5308.85,3871.049,2257.96666666667,1847.92953333333,1266.8871,1457.05776666667,1234.95836666667,962.725533333333,929.709333333333,913.929266666667,857.345466666666
351,4215.6,2745.2222,1547.24326666667,1145.461,828.527766666667,792.9039,801.7566,631.4915,550.635,605.9295,723.812766666667,616.6418
352,21220.2333333333,9368.41666666667,5989.53293333333,4729.28283333333,2575.02353333333,2062.48013333333,2101.06243333333,1920.59113333333,1738.08003333333,1659.13926666667,1466.82883333333,1204.57676666667
353,10413.6666666667,6117.43333333334,3389.58226666667,2373.2,2302.66576666667,1394.5443,1044.32953333333,926.9488,835.764133333333,942.329533333333,733.4496,631.048333333333
354,6712.6,7346.97476666667,3373.46136666667,2342.5695,1544.9805,1441.2709,1587.82573333333,1007.81913333333,1038.5215,822.514133333333,682.8521,536.9132
355,19953,7695.99866666667,4885.0496,4000.0996,5134.6627,2509.06196666667,2155.5429,1800.87596666667,1686.1952,1472.9613,1396.42896666667,1377.19563333333
356,49313.6666666667,25450.7333333333,8847.06666666667,5979.03333333334,4298.47556666667,2905.6584,2706.17516666667,2435.89553333333,2337.37153333333,2490.3431,2192.97123333333,1886.79163333333
357,3328.5,1640.73133333333,1054.87933333333,891.123866666667,885.3426,746.316133333333,695.2355,645.5166,586.7858,560.329266666667,600.347833333333,584.971
358,21621.9666666667,7480.61566666667,3882.78333333333,2061.8966,1925.8265,1486.5989,1363.74943333333,1677.20993333333,1183.68673333333,1088.2133,1348.43713333333,1535.35223333333
359,10736.8333333333,5748.79376666666,3849.38333333333,2648.014,1652.27473333333,1356.5193,1649.79316666667,1356.0025,1144.25883333333,957.5295,942.409766666667,820.5853
360,20816.2,10357.9080333333,4646.2253,2823.81973333333,1458.45753333333,928.630833333333,697.714533333333,476.5115,420.828,305.667766666667,195.893966666667,148.681033333333
361,16271.7666666667,7123.06093333333,3998.12833333333,2532.14553333333,2161.66103333333,1602.19546666667,1601.86036666667,1134.01406666667,1433.56943333333,1243.3207,1111.13186666667,1124.63306666667
362,20064.6,10410.7733666667,2800.80753333333,3640.07523333333,3356.64396666667,1065.31303333333,1047.12823333333,259.793833333333,651.809266666667,306.376566666667,260.781833333333,292.422766666667
363,57732.5333333333,23504.3,11451.5666666667,11446.65,18175.5739333333,5860.65976666667,4636.12463333333,2291.00576666667,2137.75763333333,1829.03066666667,1761.63516666667,1436.72286666667
364,6441.93333333334,5063.1073,3146.89106666667,2701.47176666667,1765.24163333333,1314.92713333333,564.060433333333,350.8375,276.134666666667,163.7442,97.0637666666667,80.6123
365,17307.9,5332.51393333333,2911.78043333333,2300.08153333333,1409.5659,1234.724,1657.03503333333,1157.2098,1004.29946666667,909.038533333333,945.8479,839.792366666666
366,34891.8666666667,17426.6666666667,13424.15,8767.58333333333,5139.36296666667,4813.42923333333,2884.92616666667,2395.8394,2531.22063333333,2371.15236666667,1889.69856666667,1581.73736666667
367,56009.4666666667,24017.8166666667,7237.78293333333,6718.0496,5417.80763333333,2813.57686666667,2647.87753333333,2999.80666666667,2306.97126666667,2400.8714,2179.4904,2133.19356666667
368,6413.1,3347.6441,1707.05976666667,1322.17913333333,1004.3072,823.3797,741.550666666667,662.421233333333,664.7675,644.307933333333,660.4031,655.0136
369,7303.26666666666,3116.06466666667,1525.21066666667,1133.48116666667,1026.45963333333,1056.8236,1196.18783333333,821.9405,706.688766666667,850.508866666667,810.3118,725.8874
370,12312.2666666667,10468.5134666667,2355.94446666667,2016.8372,768.112366666666,591.4731,447.3649,430.6973,263.587566666667,163.130766666667,176.4624,169.599466666667
371,21847.4333333333,13309.6161666667,8914.71666666667,4301.5156,3033.1143,2378.4612,1947.5436,1844.37643333333,1758.52343333333,1707.31583333333,1396.90913333333,1176.21086666667
372,8300.16666666667,5006.38333333334,2257.31426666667,2476.9995,4362.79753333333,2143.4639,1287.54453333333,1245.04826666667,799.729866666667,698.0655,707.766666666667,1030.26666666667
373,8167.86666666666,4088.47383333333,1822.21326666667,1201.3426,864.222866666667,913.876633333333,1235.89916666667,753.0532,905.411366666667,609.593966666667,696.7433,624.15
374,45963.6,25273.65,12210.6166666667,9167.23266666667,6849.4837,3621.0654,3212.76676666667,2298.58456666667,2570.09486666667,2289.50413333333,2131.3332,1788.35496666667
375,23251.0666666667,10757.9477666667,3677.21616666667,2379.6956,2047.0864,1797.61653333333,1996.72486666667,1620.5872,1438.68823333333,1288.84383333333,1386.5136,1197.6014
376,18199.7666666667,10393.7810666667,4594.22683333333,3245.0096,1901.30546666667,1635.09246666667,910.9644,614.001066666667,459.180733333333,497.7811,363.457833333333,275.667933333333
377,26940.8333333333,11442.716,5159.96626666667,4922.28133333333,2667.0274,2154.49086666667,2045.0912,1732.59773333333,1635.51146666667,1834.49883333333,1385.28203333333,1334.0766
378,6723.63333333333,3822.38003333333,2543.698,1741.61666666667,1431.82343333333,1032.39016666667,1124.77066666667,899.128733333333,810.374866666667,814.564266666667,683.2098,749.2462
379,5747.83333333333,5161.74333333333,2366.33613333333,1587.3047,1000.6764,798.7414,922.050466666667,754.792366666667,628.390466666667,743.500833333333,696.352266666667,581.687133333333
380,3031.66666666667,2514.79666666667,1410.69933333333,1247.963,970.6177,1007.65433333333,898.659633333333,737.0845,911.580933333333,722.6495,720.0632,650.432133333333
381,20270.6,9348.15,6000.16666666667,3082.63333333333,2629.5559,2622.4535,2304.85713333333,1798.87856666667,1647.81706666667,1703.09243333333,1412.47816666667,1493.5059
382,13216.9666666667,7399.4126,3852.66616666667,2822.4117,1623.29993333333,1486.4488,1394.6476,1380.88263333333,1256.26333333333,1233.42133333333,1198.56556666667,1071.7372
383,17960.7,11356.4666666667,5917.65,2956.96666666667,2496.74756666667,1733.0218,1893.69103333333,1485.47593333333,1241.36946666667,1257.86873333333,1164.89053333333,851.659066666667
384,54560.4,33237.95,10265.3826666667,8949.31466666667,4589.72546666667,2879.95416666667,2634.56743333333,3150.59483333333,2455.38616666667,2398.3969,2138.5655,1687.0215
385,5112.43333333333,4917.32586666667,3181.1958,2106.4496,1263.51743333333,1097.02343333333,1090.00663333333,797.805933333333,843.491666666667,221.888866666667,152.5831,130.564066666667
386,31877.5,17310.5333333333,8787.28293333334,4987.35,3750.42446666667,2697.1053,2560.87006666667,2244.10486666667,2132.38986666667,1898.68366666667,2013.02453333333,1536.1921
387,7501.83333333333,3794.03333333333,2589.2,1908.298,1558.59266666667,1615.0466,1161.63883333333,983.326833333333,983.5911,880.344333333333,700.5918,664.854233333333
388,11828.2666666667,6594.4636,3493.36266666667,1860.8996,1603.38,1385.015,1463.903,1143.88913333333,1042.32433333333,781.659666666667,770.027933333333,778.262266666667
389,24367.1,10640.8496,9132.56666666667,4780.35,4948.32536666667,4073.93153333333,2155.05006666667,1581.44773333333,1556.21473333333,1528.778,1066.34453333333,803.516466666667
390,3558.7,2087.53293333333,1585.63226666667,1407.13333333333,981.7972,780.9463,785.265866666667,700.915066666667,666.748,586.5475,545.15,576.933333333333
391,33879.7,16064.175,10479.3469333333,10008.8426,4896.9639,3863.99323333333,1890.35863333333,1570.5972,1405.1257,1467.981,731.958766666667,507.185333333333
392,19852.2,7422.63333333333,3148.444,2232.748,1992.97763333333,1743.2544,1721.77543333333,1530.9346,1281.25076666667,1159.5865,1327.21716666667,1171.55816666667
393,6293.6,4309.46533333333,2711.2475,1746.27733333333,1320.90706666667,1290.56216666667,1258.6779,955.2268,1231.72126666667,900.2589,995.807,957.378566666667
394,9378.8,8481.45,3307.97893333333,1927.30666666667,1615.01643333333,1442.46333333333,1510.80566666667,1552.319,1117.9394,1064.51743333333,1038.95876666667,863.0727
395,53801.9,22450.066,10392.2666666667,4288.24693333333,2608.75193333333,1937.38836666667,1952.28246666667,1584.204,1581.55226666667,1534.34573333333,1111.60316666667,1041.4701
396,15244.7,7935.466,3206.81666666667,2967.33233333333,3337.80296666667,1871.5181,1736.96923333333,1177.85766666667,1167.8564,1211.5401,873.635433333333,649.7201
397,19624.1333333333,6998.73086666667,3147.26216666667,2699.5087,1614.15013333333,1573.80616666667,958.8076,712.7334,585.6506,419.852666666667,291.692466666667,220.0754
398,25762.4333333333,9517.28393333333,6813.61283333333,8037.8127,3231.7091,3069.70413333333,1491.88193333333,1164.71133333333,902.8475,738.212866666667,374.004466666667,228.7547
399,40880,11539.5287666667,5147.0955,3865.83133333333,1943.68906666667,1481.36066666667,1972.16303333333,1645.37546666667,1619.18193333333,1378.50123333333,1282.934,1145.5197
400,6629.8,2736.38253333333,2046.51666666667,1659.7441,1212.42656666667,1052.0239,1008.1619,928.305466666667,917.322533333333,890.638833333333,837.3973,824.7227
401,5080.16666666667,3369.84853333333,1852.16566666667,1584.82733333333,1089.02366666667,1104.05846666667,1057.4633,918.425633333333,770.375666666666,723.213866666667,726.5147,638.562566666667
402,13828.9,3286.44933333333,2077.316,2725.9486,5820.5932,1235.939,1261.68686666667,810.124933333333,706.576266666667,639.728666666667,742.264166666667,688.415666666667
403,5980.83333333333,3838.60793333333,1330.77856666667,1758.91293333333,872.8904,859.759833333334,882.898966666667,728.473166666667,645.328933333333,566.218,296.036633333333,254.250833333333
404,93288.9,64801.55,20974.0166666667,18340.8496,12676.8052333333,6396.76853333333,4486.81076666667,4346.0363,4968.653,4010.57586666667,3523.04686666667,2789.85826666667
405,5738.93333333333,2733.07693333333,2134.3571,1040.742,893.769266666667,771.0603,807.2837,846.722533333333,804.818466666667,668.189266666667,693.254566666667,645.149
406,7877.8,4858.9437,2117.25746666667,1747.60243333333,3233.83226666667,1155.57996666667,1326.938,1041.83383333333,764.398033333333,814.6736,761.3859,803.867233333333
407,6453.1,4598.38333333333,2054.17393333333,1282.7,1095.0324,1278.2017,1154.09093333333,930.808866666667,769.7936,746.6261,796.428033333333,681.4052
408,13030.3,8219.216,5119.81293333333,3990.54933333333,2808.05866666667,1977.6387,1759.75043333333,1508.71006666667,1578.2047,1289.5069,1127.3302,979.709933333333
409,15242.7666666667,7381.38333333333,3063.21666666667,2698.06666666667,2071.67963333333,2204.91586666667,1800.42633333333,1918.83203333333,1441.46276666667,1594.42533333333,1324.8776,1311.1596
410,6157.1,3950.51533333333,2538.64493333333,1339.12593333333,1413.92823333333,1001.25736666667,712.341133333333,613.363366666667,621.9258,631.8961,595.713866666667,559.9641
411,22739.2333333333,7941.4805,3966.71616666667,3219.82333333333,1816.39416666667,1292.55613333333,1182.7149,703.1147,693.482666666667,445.829166666667,447.1146,353.3446
412,6463.23333333333,3143.8047,1686.19926666667,1270.5202,1138.6059,1210.9012,854.967933333333,750.1316,716.8991,410.132233333333,295.047333333333,200.448
413,26989.6666666667,10932.7,4574.648,3201.66666666667,1960.288,1958.19363333333,2006.72406666667,1656.60976666667,2136.49423333333,1551.7551,1718.7762,1281.19183333333
414,15155.1,6386.34933333333,4242.6756,2689.266,2178.93143333333,2147.38733333333,1917.15373333333,1373.1912,1340.1679,1518.6056,1205.47923333333,1365.43943333333
415,4699.96666666667,2379.63293333333,1562.08053333333,1385.6436,1023.27316666667,928.501866666667,1005.47933333333,780.596,652.6443,668.276933333333,708.6446,641.878333333333
416,7055.13333333333,4543.24563333333,2158.1412,1395.27253333333,1017.63226666667,822.741933333333,802.543766666667,521.9141,353.187833333333,169.525133333333,88.6745,116.350133333333
417,3705.46666666667,1529.43283333333,1140.9996,893.281266666667,829.341866666667,716.3936,673.158266666667,654.146,533.3894,556.8445,587.8965,569.1483
418,104917.466666667,57488.8333333333,28724.6,16088.75,10585.0563,5057.64846666667,3580.25446666667,3378.73723333333,3150.22026666667,2608.4531,2354.12276666667,2051.47236666667
419,10856.5333333333,5311.96336666667,4325.4565,3132.41616666667,2290.80756666667,1906.91403333333,1549.9044,1548.48023333333,1428.41133333333,1263.45823333333,1016.31146666667,990.660133333333
420,10938.7333333333,6202.63133333333,5031.69866666667,3094.75,2685.6779,2250.18863333333,1478.3558,1266.17786666667,1125.62503333333,933.574533333333,754.4487,586.5484
421,34834.5333333333,13755.8747,6004.53953333333,4706.88626666667,1513.70896666667,1059.554,792.3948,492.450533333333,404.918533333333,349.9394,277.601266666667,179.580533333333
422,5074.6,4035.07493333333,2682.4523,1235.92333333333,1196.03553333333,987.346333333333,1109.378,783.103566666667,793.949033333333,706.8515,784.563566666667,723.014533333333
423,5441.53333333333,2608.93216666667,1580.68903333333,1223.35796666667,1070.00106666667,1018.77826666667,923.483366666667,615.132666666667,318.099833333333,206.597166666667,167.033966666667,126.3172
424,66321.2333333333,33232.9493333333,12562.2166666667,9056.26666666667,5970.40923333333,4036.2579,3343.85173333333,2928.6949,3353.40433333333,3216.21586666667,2687.9943,2317.62113333333
425,13799.0333333333,7631.7771,2481.57926666667,1296.1855,1238.57533333333,1033.65126666667,893.903666666667,842.949633333333,960.282066666667,768.945333333333,787.848033333333,480.002366666667
426,23299.6333333333,10535.4985,6905.73133333333,5034.34693333333,6375.73666666667,3460.38196666667,2499.6705,1622.99053333333,1491.54476666667,1433.4834,990.372566666667,729.557566666667
427,9774.26666666666,8890.20846666666,3039.86936666667,2292.734,1475.5151,736.650533333333,606.8452,354.1448,265.158866666667,249.8744,209.801766666667,134.9914
428,5969.53333333334,2057.4956,1261.06266666667,1225.242,815.955533333333,741.6307,882.160933333333,645.291066666667,542.9187,690.953166666667,663.9808,669.0322
429,14520.7,6082.696,4469.43333333333,3576.66666666667,5493.57746666667,3675.27653333333,2146.3113,1330.7113,1326.89503333333,1168.1132,936.8986,761.0476
430,13869.4666666667,8470.13333333333,5496.93333333333,3305.28333333333,3224.21616666667,3137.72946666667,1952.0478,2041.6988,1409.32943333333,1549.00876666667,1047.57846666667,1023.44663333333
431,24766.1,11565.2,8169.86666666667,4567.16666666667,3835.46316666667,2905.2213,2340.1742,2162.7067,2027.77483333333,1920.73946666667,1646.4226,1481.69583333333
432,3866.2,2161.73333333333,1476.79693333333,1312.06666666667,929.0955,880.277166666667,1124.82993333333,651.481333333333,581.2976,581.947,602.4616,561.363166666667
433,14543,8759.78333333333,4992.78333333333,2755.048,2042.08963333333,1661.4396,1665.93526666667,1360.51056666667,1234.08736666667,1446.20166666667,1279.2851,1006.21793333333
434,5304.1,2780.46666666667,1752.45766666667,1389.398,1374.87493333333,1004.50093333333,1061.4435,793.094666666667,737.4963,660.131333333333,680,705.247
435,7535.23333333334,5483.08333333333,2369.77793333333,1371.71666666667,1189.80256666667,1290.82156666667,1234.76166666667,969.0267,1036.7951,765.742766666667,778.410966666667,724.8057
436,4956.43333333334,3191.8545,1882.1249,1625.67976666667,1364.4189,958.4527,912.572066666667,701.6773,751.175366666667,679.156333333333,683.2025,485.638233333333
437,14098.9666666667,5507.55,4015.83333333333,2572.48233333333,2731.7483,3757.94543333333,1644.36293333333,1417.54743333333,1247.83063333333,924.8624,775.264966666667,626.0995
438,8456.66666666667,8496.2362,3007.7953,2121.28186666667,1267.40843333333,1050.23806666667,1035.99906666667,556.436133333333,546.458433333333,558.3185,231.083366666667,265.392766666667
439,69601.1666666667,31621.7493333333,17029.1996,6868.88293333333,4634.2019,3015.71003333333,2793.5996,2902.29276666667,2864.02553333333,2283.2636,2074.8227,1910.80856666667
440,4942.63333333333,2781.8564,1492.2537,1133.71896666667,852.7115,833.7618,846.020833333333,610.8461,639.442033333333,154.764466666667,129.508133333333,142.359166666667
441,21304.6333333333,9291.93266666667,5244.23133333333,5382.48283333333,11464.0855,3379.38933333333,2863.3694,1490.295,1504.64293333333,1309.51753333333,1057.47856666667,984.6298
442,3042.33333333333,1941.8316,1496.26666666667,1189.58266666667,1163.597,1038.5632,978.3931,831.526466666667,686.523933333333,797.796933333333,714.648,710.3114
443,6470.9,3675.1062,1792.67576666667,1366.08916666667,1082.4342,947.458133333333,1234.54993333333,753.0235,658.082033333333,388.6965,185.4126,207.690866666667
444,20270.0666666667,7434.046,5130.3476,3868.1286,2374.8906,2034.70813333333,1769.4714,1451.69853333333,1304.10976666667,1315.12846666667,875.313533333333,725.0253
445,3697.73333333333,2704.29526666667,1707.91126666667,1216.52753333333,1011.0912,850.726033333333,921.612566666667,1013.9905,618.6905,627.2791,689.593966666667,604.575633333333
446,32530.6666666667,14252.9333333333,4683.86666666667,3285.23333333333,2858.8495,2198.61586666667,2057.0475,2166.37583333333,1906.32833333333,1944.72736666667,1826.32713333333,1585.94646666667
447,17553.9333333333,10283.7,6202.06666666667,4235.91666666667,6558.9451,3712.7247,2114.64283333333,1389.05983333333,1223.56973333333,1535.70816666667,998.726133333333,836.8099
448,3669.03333333333,2329.42893333333,1625.3473,1382.75426666667,1054.38656666667,757.775366666667,804.124533333333,678.5843,626.3351,640.9863,741.789366666667,619.429733333333
449,5720.83333333333,3369.61666666667,1914.15,1697.15,1146.0995,971.8453,1053.91113333333,758.2474,662.5496,675.090866666667,708.963266666667,625.712066666667
450,14359.0333333333,6393.33166666667,2732.66466666667,2135.445,1585.59753333333,1575.53606666667,1562.0641,1145.05393333333,1091.81936666667,1129.83443333333,1106.13046666667,1023.91173333333
451,3050.56666666667,1807.65,1129.28133333333,959.926833333333,824.196833333333,776.480333333333,812.515266666667,633.213766666667,617.074933333333,635.45,584.81,527.4491
452,42789.4,15371.7993333333,6537.6,3866.7996,3234.05856666667,2442.65763333333,2132.75976666667,2296.8364,1923.37476666667,1991.1171,1804.75333333333,1692.27193333333
453,12376.0666666667,6594.63253333333,3152.88333333333,3042.33133333333,2124.14583333333,1437.4291,1421.07823333333,1053.09153333333,1222.15936666667,1140.88993333333,1132.7279,1012.45846666667
454,77597.7,40724,14947.5333333333,10824.2333333333,8068.8722,4585.40693333333,3778.73453333333,3958.67096666667,3981.3512,3960.17463333333,3356.83373333333,2744.77406666667
455,4856.76666666667,3153.87893333333,1630.11366666667,1455.344,1238.32653333333,979.058766666667,993.170566666667,860.476333333333,714.675633333333,677.013666666667,683.798,639.627866666667
456,9023.13333333333,4787.13333333333,2279.73233333333,1657.43333333333,1330.64486666667,1154.81876666667,1430.32666666667,936.8446,1037.74176666667,950.091433333333,986.492133333333,990.627833333333
457,4971.96666666667,3818.6,2976.02253333333,1609.77833333333,1841.9588,1271.41096666667,1157.62443333333,1002.0179,898.8238,908.574566666667,729.0967,668.1136
458,15321.8333333333,8611.1495,4100.45,2839.55,2314.95626666667,2103.1597,1849.10683333333,1549.44163333333,1605.76296666667,1599.43043333333,1415.17693333333,1306.84303333333
459,19405.4333333333,8825.4967,2895.98333333333,2360.5741,1783.0075,1680.9548,1749.10373333333,1411.52756666667,1339.32186666667,1112.04733333333,1262.11956666667,1061.5374
460,15648.1,6765.36566666666,3272.36316666667,2361.37826666667,1763.8055,1712.08986666667,1747.8787,1406.69936666667,1289.8944,1165.5822,1180.0518,1140.03083333333
461,6722.86666666666,5875.76376666667,3522.25863333333,2077.35946666667,1486.33386666667,920.746566666667,713.9165,568.251933333333,356.730466666667,359.7241,314.9978,202.939833333333
462,56013.9666666667,26310.5491,10794.5166666667,6220.42866666667,3579.9617,2345.9886,2306.8687,2079.38296666667,2209.04246666667,2077.19446666667,1678.75353333333,1658.69866666667
463,91819.4,44923.9826666667,16014.6662666667,10252.1162666667,9167.53766666666,4170.03803333333,3815.3365,4392.65506666667,4355.30056666667,3791.75066666667,3584.33316666667,3315.02276666667
464,8932.36666666667,5647.34713333333,4677.53083333333,2617.68133333333,2372.46836666667,2023.02826666667,1432.27666666667,1370.50573333333,1361.11403333333,1069.7989,918.5089,909.643466666667
465,2552.33333333333,1411.898,1014.36666666667,708.460266666667,621.389166666667,729.7987,761.704833333333,587.788533333333,561.016,554.5056,591.6804,534.3671
466,18231.6666666667,7457.99933333334,5626.38,3107.466,2436.17176666667,2497.57483333333,2169.71263333333,1659.45976666667,1676.20823333333,1700.08973333333,1305.42806666667,1489.4552
467,14908.1666666667,7692.28333333333,5345.51666666667,3331.48333333333,4029.27953333333,3441.6461,2249.06336666667,1751.1632,1508.6461,1260.714,991.965066666667,780.583333333333
468,21208.2,8903.92933333334,6391.68093333334,4376.65993333333,2656.39176666667,2299.10953333333,2132.967,1681.9552,1618.12126666667,1504.5948,1076.05636666667,999.499433333333
469,53186.9,28946.5166666667,12381.9333333333,10215.116,6398.29583333333,3529.34333333333,3289.01853333333,2364.4575,2741.07426666667,2583.63443333333,2332.21006666667,1901.3547
470,8661.3,4143.7587,3588.12136666667,2714.8091,1770.3659,1215.7203,781.404266666666,541.570733333333,452.745,356.071633333333,205.774933333333,188.4187
471,44744.4333333334,34077.1333333333,9601.38093333333,8512.01616666667,5015.60726666667,3631.69383333333,2647.83453333333,2716.52353333333,2779.69226666667,2184.3723,1985.76016666667,1534.65966666667
472,65163.2666666667,43716.3333333333,15846.35,12773.9969333333,8467.46816666667,4608.9079,3857.81523333333,3472.68326666667,3518.1389,3115.52556666667,2879.50076666667,2105.13693333333
473,76543.1,36328.05,18695.0302666667,10728.9646666667,8040.33496666667,4653.6506,2866.79566666667,2320.6926,1814.31036666667,1528.47783333333,1395.86986666667,1142.68403333333
474,12697.9,5463.28333333333,2370.799,2315.63133333333,1828.76526666667,1683.78103333333,1630.56876666667,1473.3259,1239.9451,1402.15636666667,1116.74226666667,1133.98946666667
475,20143.4,11777.6333333333,8374.1492,4271.39933333333,4598.38133333333,3857.16526666667,1922.13993333333,1595.52966666667,1527.23696666667,1523.4146,1102.42813333333,761.987333333333
476,7342.46666666667,3462.63183333333,1949.98333333333,1775.66466666667,1108.34583333333,1158.8147,1248.3054,831.3279,776.229033333333,761.0456,779.2136,639.732266666667
477,43626.8666666667,27706.05,12645.6,9853.2655,6849.26596666667,3502.88106666667,3103.09413333333,2338.74306666667,2573.43973333333,2594.38253333333,2166.21303333333,1719.05443333333
478,19011.2333333333,8448.13333333334,3977.99893333333,4375.23333333333,1972.79656666667,1712.10186666667,1629.8852,1277.3777,1164.437,1153.10403333333,1098.60796666667,847.6456
479,95268.7,51291.3156,24132.1333333333,13892.3329333333,9599.3396,3578.9977,2777.05803333333,2551.03593333333,2358.1582,2232.66736666667,1925.39966666667,1233.51123333333
480,6714.8,2765.4786,1423.78026666667,1259.68266666667,1136.78333333333,789.407333333333,701.491366666667,672.446,608.4937,633.8467,718.413766666667,595.2259
481,10798.5333333333,4983.23026666666,2346.02563333333,1649.7907,1302.0012,1152.30956666667,1248.2808,886.924666666667,1025.34283333333,1091.6621,863.357866666667,815.3952
482,44768.9666666667,24738.6166666667,10364.749,7161.03333333334,5397.28003333333,2863.5489,2805.73193333333,2629.4318,2360.9357,2465.82686666667,2230.58156666667,1961.437
483,4979.26666666667,2571.11293333333,1500.74733333333,1235.0211,1341.86883333333,1062.45923333333,1009.4661,660.376466666667,707.335933333334,590.600533333333,246.379266666667,193.709633333333
484,26703.8666666667,12893.8493333333,6458.3962,3542.27826666667,2333.4747,2378.80083333333,2164.00563333333,2018.24183333333,2041.91773333333,1976.1533,1542.32496666667,1471.56983333333
485,69555.1,40543.55,13782.6833333333,9943.58293333333,7861.82783333333,4228.0124,3525.5065,4115.12306666667,3904.94166666667,3936.30836666667,3379.85,2913.27556666667
486,8405.66666666667,5417.78293333333,3763.85,2457.1,2535.5447,1758.66536666667,1467.5892,1674.53213333333,1341.2416,1313.498,989.759766666667,1228.7461
487,4956.5,2044.83083333333,1423.41516666667,1277.63093333333,986.9362,767.449533333333,770.329333333333,690.045166666667,569.831566666667,621.669166666667,616.1559,597.8998
488,11291.9666666667,3473.04853333333,2458.93133333333,2459.66576666667,1292.1591,1116.5418,1047.42663333333,908.974333333333,909.606533333333,1149.14453333333,858.712933333333,972.557
489,24970.7666666667,8974.05,5034.76586666667,3238.76476666667,2000.82023333333,1795.73313333333,1873.61956666667,1570.40933333333,1354.0134,1539.92373333333,1411.6221,1080.97833333333
490,13491.7,8212.648,4777.9,2855.85,1971.92793333333,1742.08143333333,1693.9864,1404.80916666667,1247.64856666667,1371.2502,1036.84086666667,922.4651
491,18221.7,10589.75,5717.13283333333,4282.566,5999.23313333333,1948.2675,2250.23773333333,1591.7646,1407.8636,1375.34983333333,1363.38453333333,1124.73786666667
492,11382.8333333333,4923.06466666667,2929.2,2191.51666666667,2410.5405,1519.68416666667,1503.07773333333,1024.10493333333,1026.60456666667,998.838,964.162633333333,853.947866666667
493,12093.7666666667,6472.61466666667,5238.1496,3083.68233333333,4546.8642,2300.6128,1412.7233,1244.9612,1163.07533333333,1432.91526666667,823.366266666667,822.0991
494,3045.56666666667,1918.0276,1131.20443333333,1318.49636666667,911.461866666666,780.422,858.578533333333,728.841233333333,671.128433333333,607.961333333333,593.727433333333,571.9525
495,29136.8,15125.7666666667,7755.11666666666,6255.58333333333,3526.24516666667,3064.21296666667,2748.9305,2410.24623333333,2523.5224,2355.81003333333,1872.37076666667,1709.627
496,3440.83333333333,3018.249,2255.68026666667,1718.01666666667,1307.7996,836.327333333333,893.161533333333,687.515866666667,603.014033333333,620.2987,591.365766666667,544.932433333333
497,21796.9,12190.75,5969.41666666667,3300.2976,2700.36836666667,1892.04846666667,1859.6286,1446.71973333333,1457.33456666667,1318.76143333333,1368.387,1028.63776666667
498,50733.5333333333,22450.7666666667,10175.4329333333,6454.83253333334,4557.40553333333,3287.5109,2724.32776666667,2876.9088,2719.3884,2988.77066666667,2262.2161,2315.51206666667
499,8218.76666666667,5844.63333333333,2917.13333333333,2198.48333333333,2949.5924,1487.33393333333,1314.4368,983.471433333333,953.0142,944.6816,768.148833333333,720.665066666667
500,67059.5333333333,30126.5826666667,17795.8996,6632.91626666667,4467.57986666666,2881.44793333333,2395.1805,2528.83876666667,2279.0595,2170.65433333333,1763.84066666667,1675.60563333333
501,55493.1333333333,40783,14987.3166666667,12358.6277666667,8330.96816666667,4398.62123333334,3424.67063333333,3114.04686666667,3235.94056666667,2914.88746666667,2424.3661,1821.40453333333
502,9328.43333333333,8140.95626666667,4072.8206,3064.084,4323.8911,1751.59406666667,1954.1376,1209.02446666667,1322.79276666667,1015.20216666667,917.791766666667,994.695866666667
503,3337.36666666667,2014.94506666667,1186.9236,1131.49766666667,892.8196,804.685666666667,775.135233333333,623.835933333334,661.156266666667,663.332866666667,642.1174,642.5993
504,5469.03333333333,4690.49753333333,1613.58573333333,1509.28786666667,879.9297,545.592133333333,369.544666666667,381.557933333333,259.600833333333,224.4993,146.0466,175.4356
505,10963.6666666667,4081.146,1788.18226666667,3006.99893333333,966.664033333333,922.256066666667,896.627266666667,702.078166666667,1030.0612,721.8636,720.482266666667,675.0988
506,34888.5,13374.9166666667,6600.1496,4629.6496,3020.55623333333,2384.41236666667,2222.41426666667,2066.81956666667,1905.2904,1980.62173333333,1790.5622,1556.29233333333
507,75991.8,50895.4666666667,15670.5333333333,12432.6662666667,8475.32736666667,5064.40676666667,3755.87066666667,3846.73526666667,3712.27386666667,3231.58996666667,2930.65106666667,2292.0423
508,22172.3666666667,9933.33333333333,5556.866,3396.148,2187.64826666667,1921.58893333333,1962.18563333333,1628.73386666667,1659.73726666667,1623.84746666667,1554.08196666667,1245.58273333333
509,4096.43333333333,2942.62593333333,1697.2574,1196.38233333333,1040.508,958.948766666667,1072.46763333333,658.658266666667,625.8915,426.9345,133.049866666667,132.7504
510,5674.23333333333,3404.06626666667,2840.21666666667,1620.09933333333,1627.08033333333,1542.7008,1285.76066666667,1170.247,1115.32893333333,1063.6476,868.162866666667,919.608266666667
511,6122.06666666667,3646.23093333333,3663.5476,1945.56616666667,2007.8495,1659.9643,1226.46226666667,1211.03053333333,1266.8983,1043.39816666667,921.077433333333,863.8461
512,8017.66666666667,3755.11493333333,1463.78233333333,1692.83066666667,1137.9096,930.8472,914.7764,838.581933333333,629.331533333333,647.862433333333,640.5639,591.8975
513,25717.1666666667,10827.7,8548.13333333333,4638.615,3662.63813333333,2482.3039,2517.75943333333,1766.42763333333,2022.5569,1986.3001,1745.446,1398.4336
514,26112.4666666667,10940.05,7667.34526666667,4876.63333333333,4270.42476666667,2795.3049,2152.35006666667,2170.58256666667,2151.31733333333,2214.0038,1401.69356666667,1375.69096666667
515,19922.1666666667,7632.0985,7791.72933333333,4074.68333333333,4260.43026666667,3661.32656666667,1776.84353333333,1494.04313333333,1440.0892,1412.12246666667,894.564566666667,784.2477
516,38045.8333333333,17417.6333333333,6668.56666666667,4214.8,2908.489,2287.3031,2229.89103333333,2100.50323333333,1808.7937,1783.20013333333,1969.17413333333,1601.76643333333
517,22060.7333333333,7324.39426666667,3641.80726666667,2187.40933333333,1625.70006666667,1400.44793333333,1120.95566666667,579.614533333333,579.8224,468.860033333333,270.019733333333,229.5495
518,16787.4666666667,7301.25,3367.36666666667,2444.95,1803.28606666667,1672.68543333333,1719.02206666667,1563.92133333333,1202.8214,1242.47056666667,1332.41533333333,1155.35866666667
519,5651.4,2656.4421,1545.27436666667,1114.2916,1057.3664,972.002333333333,843.9137,735.149266666667,703.8322,636.926266666667,790.962533333333,873.2896
